Product Name,Price (₹),Rating,Link
"iQOO Z7 Pro 5G (Blue Lagoon, 8GB RAM, 256GB Storage) | 3D Curved AMOLED Display | 4nm MediaTek Dimesity 7200 5G Processor | 64MP Aura Light OIS Camera | Segment's Slimmest & Lightest Smartphone",19499.0,4.4,https://www.amazon.in/iQOO-MediaTek-Dimesity-Processor-Smartphone/dp/B07WGPJPR3/ref=sr_1_3?dib=eyJ2IjoiMSJ9.ZxcntktOzQ3LIyOI-GeAwrvzkCBtTEFgaYHyYkgl7oM2Qy3LSFL063G3rXtVSLMYw4xf-M_aQDAPOHOD7k5DCgJY9Q_7FFLQGhOPvyMRthg6sd7nUpbeGeyBWmyye1gP70stqyy3uhoYSSWAKpN3AvMC1x3_40Hx3CVPIwk2sZ-0KvZwwHh8m6efINobJ60-Sgp_0ruueoaE0-j320_mSkcdJyAM4NNXbE_TSpVSmPg.ZvuZxchEDkQKLHzZ33xzMSudapj_3yA8gX5auHgtQGs&dib_tag=se&keywords=smartphones&qid=1743415532&sr=8-3
"Samsung Galaxy A26 5G (Awesome Black, 8GB, 128GB) | Awesome Intelligence - AI Smartphone: Circle to Search, My Filter, Object Eraser | 50MP Triple Camera | IP67",24999.0,4.0,https://www.amazon.in/Samsung-Galaxy-Awesome-Black-Intelligence/dp/B0DYDQQ4W1/ref=sr_1_4?dib=eyJ2IjoiMSJ9.ZxcntktOzQ3LIyOI-GeAwrvzkCBtTEFgaYHyYkgl7oM2Qy3LSFL063G3rXtVSLMYw4xf-M_aQDAPOHOD7k5DCgJY9Q_7FFLQGhOPvyMRthg6sd7nUpbeGeyBWmyye1gP70stqyy3uhoYSSWAKpN3AvMC1x3_40Hx3CVPIwk2sZ-0KvZwwHh8m6efINobJ60-Sgp_0ruueoaE0-j320_mSkcdJyAM4NNXbE_TSpVSmPg.ZvuZxchEDkQKLHzZ33xzMSudapj_3yA8gX5auHgtQGs&dib_tag=se&keywords=smartphones&qid=1743415532&sr=8-4
"Samsung Galaxy S24 FE 5G AI Smartphone (Graphite, 8GB RAM, 128GB Storage)",40060.0,4.3,https://www.amazon.in/Samsung-Galaxy-Smartphone-Graphite-Storage/dp/B0DHL7YT5S/ref=sr_1_5?dib=eyJ2IjoiMSJ9.ZxcntktOzQ3LIyOI-GeAwrvzkCBtTEFgaYHyYkgl7oM2Qy3LSFL063G3rXtVSLMYw4xf-M_aQDAPOHOD7k5DCgJY9Q_7FFLQGhOPvyMRthg6sd7nUpbeGeyBWmyye1gP70stqyy3uhoYSSWAKpN3AvMC1x3_40Hx3CVPIwk2sZ-0KvZwwHh8m6efINobJ60-Sgp_0ruueoaE0-j320_mSkcdJyAM4NNXbE_TSpVSmPg.ZvuZxchEDkQKLHzZ33xzMSudapj_3yA8gX5auHgtQGs&dib_tag=se&keywords=smartphones&qid=1743415532&sr=8-5
"Samsung Galaxy S24 Ultra 5G AI Smartphone (Titanium Gray, 12GB, 256GB Storage)",91800.0,4.0,https://www.amazon.in/Samsung-Galaxy-Smartphone-Titanium-Storage/dp/B0CS5XW6TN/ref=sr_1_6?dib=eyJ2IjoiMSJ9.ZxcntktOzQ3LIyOI-GeAwrvzkCBtTEFgaYHyYkgl7oM2Qy3LSFL063G3rXtVSLMYw4xf-M_aQDAPOHOD7k5DCgJY9Q_7FFLQGhOPvyMRthg6sd7nUpbeGeyBWmyye1gP70stqyy3uhoYSSWAKpN3AvMC1x3_40Hx3CVPIwk2sZ-0KvZwwHh8m6efINobJ60-Sgp_0ruueoaE0-j320_mSkcdJyAM4NNXbE_TSpVSmPg.ZvuZxchEDkQKLHzZ33xzMSudapj_3yA8gX5auHgtQGs&dib_tag=se&keywords=smartphones&qid=1743415532&sr=8-6
"Motorola G45 5G (Brilliant Blue, 8GB RAM, 128GB Storage)",11689.0,4.1,https://www.amazon.in/Motorola-Brilliant-Blue-128GB-Storage/dp/B0DDY9HMJG/ref=sr_1_7?dib=eyJ2IjoiMSJ9.ZxcntktOzQ3LIyOI-GeAwrvzkCBtTEFgaYHyYkgl7oM2Qy3LSFL063G3rXtVSLMYw4xf-M_aQDAPOHOD7k5DCgJY9Q_7FFLQGhOPvyMRthg6sd7nUpbeGeyBWmyye1gP70stqyy3uhoYSSWAKpN3AvMC1x3_40Hx3CVPIwk2sZ-0KvZwwHh8m6efINobJ60-Sgp_0ruueoaE0-j320_mSkcdJyAM4NNXbE_TSpVSmPg.ZvuZxchEDkQKLHzZ33xzMSudapj_3yA8gX5auHgtQGs&dib_tag=se&keywords=smartphones&qid=1743415532&sr=8-7
"Samsung Galaxy A05 (Light Green, 6GB, 128GB Storage) | 50 MP Main Camera | Upto 12GB RAM with RAM Plus | MediaTek Helio G85 | 5000 mAh Battery",8479.0,3.8,https://www.amazon.in/Samsung-Galaxy-Storage-MediaTek-Battery/dp/B0CJ2DVN1Q/ref=sr_1_8?dib=eyJ2IjoiMSJ9.ZxcntktOzQ3LIyOI-GeAwrvzkCBtTEFgaYHyYkgl7oM2Qy3LSFL063G3rXtVSLMYw4xf-M_aQDAPOHOD7k5DCgJY9Q_7FFLQGhOPvyMRthg6sd7nUpbeGeyBWmyye1gP70stqyy3uhoYSSWAKpN3AvMC1x3_40Hx3CVPIwk2sZ-0KvZwwHh8m6efINobJ60-Sgp_0ruueoaE0-j320_mSkcdJyAM4NNXbE_TSpVSmPg.ZvuZxchEDkQKLHzZ33xzMSudapj_3yA8gX5auHgtQGs&dib_tag=se&keywords=smartphones&qid=1743415532&sr=8-8
"Samsung Galaxy M35 5G (Daybreak Blue,6GB RAM,128GB Storage)| Corning Gorilla Glass Victus+| AnTuTu Score 595K+ | Vapour Cooling Chamber | 6000mAh Battery | 120Hz Super AMOLED Display| Without Charger",16999.0,4.1,https://www.amazon.in/Samsung-Daybreak-Storage-Corning-Gorilla/dp/B0D8123CLN/ref=sr_1_9?dib=eyJ2IjoiMSJ9.ZxcntktOzQ3LIyOI-GeAwrvzkCBtTEFgaYHyYkgl7oM2Qy3LSFL063G3rXtVSLMYw4xf-M_aQDAPOHOD7k5DCgJY9Q_7FFLQGhOPvyMRthg6sd7nUpbeGeyBWmyye1gP70stqyy3uhoYSSWAKpN3AvMC1x3_40Hx3CVPIwk2sZ-0KvZwwHh8m6efINobJ60-Sgp_0ruueoaE0-j320_mSkcdJyAM4NNXbE_TSpVSmPg.ZvuZxchEDkQKLHzZ33xzMSudapj_3yA8gX5auHgtQGs&dib_tag=se&keywords=smartphones&qid=1743415532&sr=8-9
"Samsung Galaxy A26 5G (Awesome Mint, 8GB, 128GB) | Awesome Intelligence - AI Smartphone: Circle to Search, My Filter, Object Eraser | 50MP Triple Camera | IP67",24999.0,4.0,https://www.amazon.in/Samsung-Galaxy-Awesome-128GB-Intelligence/dp/B0DYDMKM5X/ref=sr_1_10?dib=eyJ2IjoiMSJ9.ZxcntktOzQ3LIyOI-GeAwrvzkCBtTEFgaYHyYkgl7oM2Qy3LSFL063G3rXtVSLMYw4xf-M_aQDAPOHOD7k5DCgJY9Q_7FFLQGhOPvyMRthg6sd7nUpbeGeyBWmyye1gP70stqyy3uhoYSSWAKpN3AvMC1x3_40Hx3CVPIwk2sZ-0KvZwwHh8m6efINobJ60-Sgp_0ruueoaE0-j320_mSkcdJyAM4NNXbE_TSpVSmPg.ZvuZxchEDkQKLHzZ33xzMSudapj_3yA8gX5auHgtQGs&dib_tag=se&keywords=smartphones&qid=1743415532&sr=8-10
POCO C61 Ethereal Blue 4GB RAM 64GB ROM,5699.0,3.9,https://www.amazon.in/POCO-C61-Ethereal-Blue-64GB/dp/B0CYBLHZPW/ref=sr_1_13?dib=eyJ2IjoiMSJ9.ZxcntktOzQ3LIyOI-GeAwrvzkCBtTEFgaYHyYkgl7oM2Qy3LSFL063G3rXtVSLMYw4xf-M_aQDAPOHOD7k5DCgJY9Q_7FFLQGhOPvyMRthg6sd7nUpbeGeyBWmyye1gP70stqyy3uhoYSSWAKpN3AvMC1x3_40Hx3CVPIwk2sZ-0KvZwwHh8m6efINobJ60-Sgp_0ruueoaE0-j320_mSkcdJyAM4NNXbE_TSpVSmPg.ZvuZxchEDkQKLHzZ33xzMSudapj_3yA8gX5auHgtQGs&dib_tag=se&keywords=smartphones&qid=1743415532&sr=8-13
"Samsung Galaxy S24 Plus 5G AI Smartphone (Cobalt Violet, 12GB, 256GB Storage)",59089.0,4.1,https://www.amazon.in/Samsung-Galaxy-Smartphone-Cobalt-Storage/dp/B0CS6FPH6P/ref=sr_1_14?dib=eyJ2IjoiMSJ9.ZxcntktOzQ3LIyOI-GeAwrvzkCBtTEFgaYHyYkgl7oM2Qy3LSFL063G3rXtVSLMYw4xf-M_aQDAPOHOD7k5DCgJY9Q_7FFLQGhOPvyMRthg6sd7nUpbeGeyBWmyye1gP70stqyy3uhoYSSWAKpN3AvMC1x3_40Hx3CVPIwk2sZ-0KvZwwHh8m6efINobJ60-Sgp_0ruueoaE0-j320_mSkcdJyAM4NNXbE_TSpVSmPg.ZvuZxchEDkQKLHzZ33xzMSudapj_3yA8gX5auHgtQGs&dib_tag=se&keywords=smartphones&qid=1743415532&sr=8-14
"Redmi 14C 5G (Stargaze Black, 6GB RAM, 128GB Storage) | Superfast 4nm Snapdragon 4 Gen 2 | 120Hz 17.47cm (6.88”) Display | 5160mAh Battery | 50MP Dual Camera | Premium Starlight Design",11999.0,3.8,https://www.amazon.in/Redmi-Stargaze-Superfast-Snapdragon-Starlight/dp/B0DQV6PQ8M/ref=sr_1_15?dib=eyJ2IjoiMSJ9.ZxcntktOzQ3LIyOI-GeAwrvzkCBtTEFgaYHyYkgl7oM2Qy3LSFL063G3rXtVSLMYw4xf-M_aQDAPOHOD7k5DCgJY9Q_7FFLQGhOPvyMRthg6sd7nUpbeGeyBWmyye1gP70stqyy3uhoYSSWAKpN3AvMC1x3_40Hx3CVPIwk2sZ-0KvZwwHh8m6efINobJ60-Sgp_0ruueoaE0-j320_mSkcdJyAM4NNXbE_TSpVSmPg.ZvuZxchEDkQKLHzZ33xzMSudapj_3yA8gX5auHgtQGs&dib_tag=se&keywords=smartphones&qid=1743415532&sr=8-15
"realme GT 6T 5G (Fluid Silver,12GB RAM+256GB Storage) | India's 1st 7+ Gen 3 Flagship Chipset | 1.5M + AnTuTu Score | 5500mAh+120W | The World's Brightest Flagship Display",30998.0,4.3,https://www.amazon.in/realme-Storage-Flagship-Chipset-Brightest/dp/B0D3J8HYDD/ref=sr_1_16?dib=eyJ2IjoiMSJ9.ZxcntktOzQ3LIyOI-GeAwrvzkCBtTEFgaYHyYkgl7oM2Qy3LSFL063G3rXtVSLMYw4xf-M_aQDAPOHOD7k5DCgJY9Q_7FFLQGhOPvyMRthg6sd7nUpbeGeyBWmyye1gP70stqyy3uhoYSSWAKpN3AvMC1x3_40Hx3CVPIwk2sZ-0KvZwwHh8m6efINobJ60-Sgp_0ruueoaE0-j320_mSkcdJyAM4NNXbE_TSpVSmPg.ZvuZxchEDkQKLHzZ33xzMSudapj_3yA8gX5auHgtQGs&dib_tag=se&keywords=smartphones&qid=1743415532&sr=8-16
"OnePlus Nord CE 3 Lite 5G (Chromatic Gray, 8GB RAM, 128GB Storage)",18700.0,4.2,https://www.amazon.in/OnePlus-Nord-Chromatic-128GB-Storage/dp/B0BY8MCQ9S/ref=sr_1_17?dib=eyJ2IjoiMSJ9.ZxcntktOzQ3LIyOI-GeAwrvzkCBtTEFgaYHyYkgl7oM2Qy3LSFL063G3rXtVSLMYw4xf-M_aQDAPOHOD7k5DCgJY9Q_7FFLQGhOPvyMRthg6sd7nUpbeGeyBWmyye1gP70stqyy3uhoYSSWAKpN3AvMC1x3_40Hx3CVPIwk2sZ-0KvZwwHh8m6efINobJ60-Sgp_0ruueoaE0-j320_mSkcdJyAM4NNXbE_TSpVSmPg.ZvuZxchEDkQKLHzZ33xzMSudapj_3yA8gX5auHgtQGs&dib_tag=se&keywords=smartphones&qid=1743415532&sr=8-17
"Redmi 13 5G, Orchid Pink, 6GB+128GB | India Debut SD 4 Gen 2 AE | 108MP Pro Grade Camera | 6.79in Largest Display in Segment",12498.0,4.0,https://www.amazon.in/Redmi-Orchid-Largest-Display-Segment/dp/B0D78W2HF5/ref=sr_1_18?dib=eyJ2IjoiMSJ9.ZxcntktOzQ3LIyOI-GeAwrvzkCBtTEFgaYHyYkgl7oM2Qy3LSFL063G3rXtVSLMYw4xf-M_aQDAPOHOD7k5DCgJY9Q_7FFLQGhOPvyMRthg6sd7nUpbeGeyBWmyye1gP70stqyy3uhoYSSWAKpN3AvMC1x3_40Hx3CVPIwk2sZ-0KvZwwHh8m6efINobJ60-Sgp_0ruueoaE0-j320_mSkcdJyAM4NNXbE_TSpVSmPg.ZvuZxchEDkQKLHzZ33xzMSudapj_3yA8gX5auHgtQGs&dib_tag=se&keywords=smartphones&qid=1743415532&sr=8-18
"Samsung Galaxy M35 5G (Daybreak Blue,8GB RAM,128GB Storage)| Corning Gorilla Glass Victus+| AnTuTu Score 595K+ | Vapour Cooling Chamber | 6000mAh Battery | 120Hz Super AMOLED Display| Without Charger",18499.0,4.1,https://www.amazon.in/Samsung-Daybreak-Storage-Corning-Gorilla/dp/B0D7Z8FJZ9/ref=sr_1_19?dib=eyJ2IjoiMSJ9.ZxcntktOzQ3LIyOI-GeAwrvzkCBtTEFgaYHyYkgl7oM2Qy3LSFL063G3rXtVSLMYw4xf-M_aQDAPOHOD7k5DCgJY9Q_7FFLQGhOPvyMRthg6sd7nUpbeGeyBWmyye1gP70stqyy3uhoYSSWAKpN3AvMC1x3_40Hx3CVPIwk2sZ-0KvZwwHh8m6efINobJ60-Sgp_0ruueoaE0-j320_mSkcdJyAM4NNXbE_TSpVSmPg.ZvuZxchEDkQKLHzZ33xzMSudapj_3yA8gX5auHgtQGs&dib_tag=se&keywords=smartphones&qid=1743415532&sr=8-19
"Samsung Galaxy A36 5G (Awesome Lavender, 8GB, 256GB) | Awesome Intelligence - AI Smartphone: Circle to Search, My Filter, Object Eraser | 4nm Snapdragon Processor | Flagship Grade Selfie Camera",32999.0,3.3,https://www.amazon.in/Samsung-Galaxy-Awesome-Lavender-Intelligence/dp/B0DYDPZWWV/ref=sr_1_20?dib=eyJ2IjoiMSJ9.ZxcntktOzQ3LIyOI-GeAwrvzkCBtTEFgaYHyYkgl7oM2Qy3LSFL063G3rXtVSLMYw4xf-M_aQDAPOHOD7k5DCgJY9Q_7FFLQGhOPvyMRthg6sd7nUpbeGeyBWmyye1gP70stqyy3uhoYSSWAKpN3AvMC1x3_40Hx3CVPIwk2sZ-0KvZwwHh8m6efINobJ60-Sgp_0ruueoaE0-j320_mSkcdJyAM4NNXbE_TSpVSmPg.ZvuZxchEDkQKLHzZ33xzMSudapj_3yA8gX5auHgtQGs&dib_tag=se&keywords=smartphones&qid=1743415532&sr=8-20
"Samsung Galaxy M35 5G (Thunder Grey,6GB RAM,128GB Storage)| Corning Gorilla Glass Victus+| AnTuTu Score 595K+ | Vapour Cooling Chamber | 6000mAh Battery | 120Hz Super AMOLED Display| Without Charger",16999.0,4.1,https://www.amazon.in/Samsung-Thunder-Storage-Corning-Gorilla/dp/B0D7Z8CJP8/ref=sr_1_19?dib=eyJ2IjoiMSJ9.CqwzoVJCNrMDkOSWcEDUtOsDmxAyk36_ylI874hCVorOIjTGq92aUMj7Nw2FHJqE6CTlBpMdCc3d0hNCtcgTqnpTD1-_N9Uw32roZNjcj9UN4AwESGTjfZszSmlvNp7B18VMgezFFCFRJWUTPlx46Xiv42Dsspe5ZOln3Z58Bn4XZXLDX0ALWlBOWfkcgz9ff7Cn0nBaID6Hw1WocJlF2zh47wWyT9dec8GqUfqHRfg.gD3xkMHFxwaiY3xT_IdYeOKbtVnD_PCy9lus-Tp0-4w&dib_tag=se&keywords=smartphones&qid=1743415538&sr=8-19
"OnePlus Nord 4 5G (Mercurial Silver, 12GB RAM, 256GB Storage)",31998.0,4.2,https://www.amazon.in/OnePlus-Mercurial-Silver-256GB-Storage/dp/B0D7VJ72XK/ref=sr_1_20?dib=eyJ2IjoiMSJ9.CqwzoVJCNrMDkOSWcEDUtOsDmxAyk36_ylI874hCVorOIjTGq92aUMj7Nw2FHJqE6CTlBpMdCc3d0hNCtcgTqnpTD1-_N9Uw32roZNjcj9UN4AwESGTjfZszSmlvNp7B18VMgezFFCFRJWUTPlx46Xiv42Dsspe5ZOln3Z58Bn4XZXLDX0ALWlBOWfkcgz9ff7Cn0nBaID6Hw1WocJlF2zh47wWyT9dec8GqUfqHRfg.gD3xkMHFxwaiY3xT_IdYeOKbtVnD_PCy9lus-Tp0-4w&dib_tag=se&keywords=smartphones&qid=1743415538&sr=8-20
"realme GT 6T 5G (Fluid Silver,12GB RAM+256GB Storage) | India's 1st 7+ Gen 3 Flagship Chipset | 1.5M + AnTuTu Score | 5500mAh+120W | The World's Brightest Flagship Display",30998.0,4.3,https://www.amazon.in/realme-Storage-Flagship-Chipset-Brightest/dp/B0D3J8HYDD/ref=sr_1_21?dib=eyJ2IjoiMSJ9.CqwzoVJCNrMDkOSWcEDUtOsDmxAyk36_ylI874hCVorOIjTGq92aUMj7Nw2FHJqE6CTlBpMdCc3d0hNCtcgTqnpTD1-_N9Uw32roZNjcj9UN4AwESGTjfZszSmlvNp7B18VMgezFFCFRJWUTPlx46Xiv42Dsspe5ZOln3Z58Bn4XZXLDX0ALWlBOWfkcgz9ff7Cn0nBaID6Hw1WocJlF2zh47wWyT9dec8GqUfqHRfg.gD3xkMHFxwaiY3xT_IdYeOKbtVnD_PCy9lus-Tp0-4w&dib_tag=se&keywords=smartphones&qid=1743415538&sr=8-21
"Samsung Galaxy M05 (Mint Green, 4GB RAM, 64 GB Storage) | 50MP Dual Camera | Bigger 6.7"" HD+ Display | 5000mAh Battery | 25W Fast Charging | 2 Gen OS Upgrade & 4 Year Security Update | Without Charger",7499.0,4.0,https://www.amazon.in/Samsung-Storage-Display-Charging-Security/dp/B0DFY3XCB6/ref=sr_1_22?dib=eyJ2IjoiMSJ9.CqwzoVJCNrMDkOSWcEDUtOsDmxAyk36_ylI874hCVorOIjTGq92aUMj7Nw2FHJqE6CTlBpMdCc3d0hNCtcgTqnpTD1-_N9Uw32roZNjcj9UN4AwESGTjfZszSmlvNp7B18VMgezFFCFRJWUTPlx46Xiv42Dsspe5ZOln3Z58Bn4XZXLDX0ALWlBOWfkcgz9ff7Cn0nBaID6Hw1WocJlF2zh47wWyT9dec8GqUfqHRfg.gD3xkMHFxwaiY3xT_IdYeOKbtVnD_PCy9lus-Tp0-4w&dib_tag=se&keywords=smartphones&qid=1743415538&sr=8-22
"realme NARZO N61 (Marble Black,6GB RAM+128GB Storage) 90Hz Eye Comfort Display | IP54 Dust & Water Resistance | 48-Month Fluency | Charger in The Box",8498.0,4.0,https://www.amazon.in/realme-Storage-Comfort-Resistance-48-Month/dp/B0D9482G3M/ref=sr_1_23?dib=eyJ2IjoiMSJ9.CqwzoVJCNrMDkOSWcEDUtOsDmxAyk36_ylI874hCVorOIjTGq92aUMj7Nw2FHJqE6CTlBpMdCc3d0hNCtcgTqnpTD1-_N9Uw32roZNjcj9UN4AwESGTjfZszSmlvNp7B18VMgezFFCFRJWUTPlx46Xiv42Dsspe5ZOln3Z58Bn4XZXLDX0ALWlBOWfkcgz9ff7Cn0nBaID6Hw1WocJlF2zh47wWyT9dec8GqUfqHRfg.gD3xkMHFxwaiY3xT_IdYeOKbtVnD_PCy9lus-Tp0-4w&dib_tag=se&keywords=smartphones&qid=1743415538&sr=8-23
"Vivo T3 Lite 5G Smartphone (Majestic Black, 6GB Ram 128GB Storage)",11355.0,3.9,https://www.amazon.in/Vivo-T3-Lite-Smartphone-Majestic/dp/B0D93GGMYT/ref=sr_1_24?dib=eyJ2IjoiMSJ9.CqwzoVJCNrMDkOSWcEDUtOsDmxAyk36_ylI874hCVorOIjTGq92aUMj7Nw2FHJqE6CTlBpMdCc3d0hNCtcgTqnpTD1-_N9Uw32roZNjcj9UN4AwESGTjfZszSmlvNp7B18VMgezFFCFRJWUTPlx46Xiv42Dsspe5ZOln3Z58Bn4XZXLDX0ALWlBOWfkcgz9ff7Cn0nBaID6Hw1WocJlF2zh47wWyT9dec8GqUfqHRfg.gD3xkMHFxwaiY3xT_IdYeOKbtVnD_PCy9lus-Tp0-4w&dib_tag=se&keywords=smartphones&qid=1743415538&sr=8-24
"Samsung Galaxy A05 (Silver, 6GB, 128GB Storage) | 50 MP Main Camera | Upto 12GB RAM with RAM Plus | MediaTek Helio G85 | 5000 mAh Battery",8469.0,3.8,https://www.amazon.in/Samsung-Galaxy-Storage-MediaTek-Battery/dp/B0CJ2DFBYK/ref=sr_1_25?dib=eyJ2IjoiMSJ9.CqwzoVJCNrMDkOSWcEDUtOsDmxAyk36_ylI874hCVorOIjTGq92aUMj7Nw2FHJqE6CTlBpMdCc3d0hNCtcgTqnpTD1-_N9Uw32roZNjcj9UN4AwESGTjfZszSmlvNp7B18VMgezFFCFRJWUTPlx46Xiv42Dsspe5ZOln3Z58Bn4XZXLDX0ALWlBOWfkcgz9ff7Cn0nBaID6Hw1WocJlF2zh47wWyT9dec8GqUfqHRfg.gD3xkMHFxwaiY3xT_IdYeOKbtVnD_PCy9lus-Tp0-4w&dib_tag=se&keywords=smartphones&qid=1743415538&sr=8-25
"Redmi A4 5G (Sparkle Purple, 4GB RAM, 64GB Storage) | Global Debut SD 4s Gen 2 | Segment Largest 6.88in 120Hz | 50MP Dual Camera | 18W Fast Charging",8499.0,4.0,https://www.amazon.in/Redmi-A4-5G-Sparkle-Charging/dp/B0DLW427YG/ref=sr_1_26?dib=eyJ2IjoiMSJ9.CqwzoVJCNrMDkOSWcEDUtOsDmxAyk36_ylI874hCVorOIjTGq92aUMj7Nw2FHJqE6CTlBpMdCc3d0hNCtcgTqnpTD1-_N9Uw32roZNjcj9UN4AwESGTjfZszSmlvNp7B18VMgezFFCFRJWUTPlx46Xiv42Dsspe5ZOln3Z58Bn4XZXLDX0ALWlBOWfkcgz9ff7Cn0nBaID6Hw1WocJlF2zh47wWyT9dec8GqUfqHRfg.gD3xkMHFxwaiY3xT_IdYeOKbtVnD_PCy9lus-Tp0-4w&dib_tag=se&keywords=smartphones&qid=1743415538&sr=8-26
"iQOO Z9 Lite 5G (Mocha Brown, 6GB RAM, 128GB Storage) | Dimensity 6300 5G | 50MP Sony AI Camera | Charger in The Box",11499.0,4.1,https://www.amazon.in/iQOO-Storage-Dimensity-Camera-Charger/dp/B07WHQS4LB/ref=sr_1_29?dib=eyJ2IjoiMSJ9.CqwzoVJCNrMDkOSWcEDUtOsDmxAyk36_ylI874hCVorOIjTGq92aUMj7Nw2FHJqE6CTlBpMdCc3d0hNCtcgTqnpTD1-_N9Uw32roZNjcj9UN4AwESGTjfZszSmlvNp7B18VMgezFFCFRJWUTPlx46Xiv42Dsspe5ZOln3Z58Bn4XZXLDX0ALWlBOWfkcgz9ff7Cn0nBaID6Hw1WocJlF2zh47wWyT9dec8GqUfqHRfg.gD3xkMHFxwaiY3xT_IdYeOKbtVnD_PCy9lus-Tp0-4w&dib_tag=se&keywords=smartphones&qid=1743415538&sr=8-29
"TECNO POVA 6 NEO 5G (Midnight Shadow, 8GB+256GB) | Advanced AI Features | 108MP Ultra Clear AI Camera | D6300 Powerful Processor | 5 Year Lag Free Fluency | 5000 mAh Battery | InBuilt Infrared and NFC",13999.0,3.8,https://www.amazon.in/Midnight-Advanced-Features-Powerful-Processor/dp/B0DCZL2R8L/ref=sr_1_30?dib=eyJ2IjoiMSJ9.CqwzoVJCNrMDkOSWcEDUtOsDmxAyk36_ylI874hCVorOIjTGq92aUMj7Nw2FHJqE6CTlBpMdCc3d0hNCtcgTqnpTD1-_N9Uw32roZNjcj9UN4AwESGTjfZszSmlvNp7B18VMgezFFCFRJWUTPlx46Xiv42Dsspe5ZOln3Z58Bn4XZXLDX0ALWlBOWfkcgz9ff7Cn0nBaID6Hw1WocJlF2zh47wWyT9dec8GqUfqHRfg.gD3xkMHFxwaiY3xT_IdYeOKbtVnD_PCy9lus-Tp0-4w&dib_tag=se&keywords=smartphones&qid=1743415538&sr=8-30
"Motorola Edge 50 Fusion 5G (Marshmallow Blue, 12GB RAM, 256GB Storage)",22990.0,3.9,https://www.amazon.in/Motorola-Fusion-Marshmallow-256GB-Storage/dp/B0D4JLSGBB/ref=sr_1_31?dib=eyJ2IjoiMSJ9.CqwzoVJCNrMDkOSWcEDUtOsDmxAyk36_ylI874hCVorOIjTGq92aUMj7Nw2FHJqE6CTlBpMdCc3d0hNCtcgTqnpTD1-_N9Uw32roZNjcj9UN4AwESGTjfZszSmlvNp7B18VMgezFFCFRJWUTPlx46Xiv42Dsspe5ZOln3Z58Bn4XZXLDX0ALWlBOWfkcgz9ff7Cn0nBaID6Hw1WocJlF2zh47wWyT9dec8GqUfqHRfg.gD3xkMHFxwaiY3xT_IdYeOKbtVnD_PCy9lus-Tp0-4w&dib_tag=se&keywords=smartphones&qid=1743415538&sr=8-31
"realme NARZO 70 Turbo 5G (Turbo Green,6GB RAM,128GB Storage) | Segment's Fastest Dimensity 7300 Energy 5G Chipset | Motorsports Inspired Design",16998.0,4.2,https://www.amazon.in/realme-Segments-Dimensity-Motorsports-Inspired/dp/B0DDTXW9WH/ref=sr_1_32?dib=eyJ2IjoiMSJ9.CqwzoVJCNrMDkOSWcEDUtOsDmxAyk36_ylI874hCVorOIjTGq92aUMj7Nw2FHJqE6CTlBpMdCc3d0hNCtcgTqnpTD1-_N9Uw32roZNjcj9UN4AwESGTjfZszSmlvNp7B18VMgezFFCFRJWUTPlx46Xiv42Dsspe5ZOln3Z58Bn4XZXLDX0ALWlBOWfkcgz9ff7Cn0nBaID6Hw1WocJlF2zh47wWyT9dec8GqUfqHRfg.gD3xkMHFxwaiY3xT_IdYeOKbtVnD_PCy9lus-Tp0-4w&dib_tag=se&keywords=smartphones&qid=1743415538&sr=8-32
"Redmi 13 5G, Hawaiian Blue, 8GB+128GB | India Debut SD 4 Gen 2 AE | 108MP Pro Grade Camera | 6.79in Largest Display in Segment",13998.0,4.0,https://www.amazon.in/Redmi-Hawaiian-Largest-Display-Segment/dp/B0D78X544X/ref=sr_1_33?dib=eyJ2IjoiMSJ9.CqwzoVJCNrMDkOSWcEDUtOsDmxAyk36_ylI874hCVorOIjTGq92aUMj7Nw2FHJqE6CTlBpMdCc3d0hNCtcgTqnpTD1-_N9Uw32roZNjcj9UN4AwESGTjfZszSmlvNp7B18VMgezFFCFRJWUTPlx46Xiv42Dsspe5ZOln3Z58Bn4XZXLDX0ALWlBOWfkcgz9ff7Cn0nBaID6Hw1WocJlF2zh47wWyT9dec8GqUfqHRfg.gD3xkMHFxwaiY3xT_IdYeOKbtVnD_PCy9lus-Tp0-4w&dib_tag=se&keywords=smartphones&qid=1743415538&sr=8-33
"realme NARZO 70 Turbo 5G (Turbo Yellow,6GB RAM,128GB Storage) | Segment's Fastest Dimensity 7300 Energy 5G Chipset | Motorsports Inspired Design",16998.0,4.2,https://www.amazon.in/realme-Segments-Dimensity-Motorsports-Inspired/dp/B0DDTXJ2MX/ref=sr_1_34?dib=eyJ2IjoiMSJ9.CqwzoVJCNrMDkOSWcEDUtOsDmxAyk36_ylI874hCVorOIjTGq92aUMj7Nw2FHJqE6CTlBpMdCc3d0hNCtcgTqnpTD1-_N9Uw32roZNjcj9UN4AwESGTjfZszSmlvNp7B18VMgezFFCFRJWUTPlx46Xiv42Dsspe5ZOln3Z58Bn4XZXLDX0ALWlBOWfkcgz9ff7Cn0nBaID6Hw1WocJlF2zh47wWyT9dec8GqUfqHRfg.gD3xkMHFxwaiY3xT_IdYeOKbtVnD_PCy9lus-Tp0-4w&dib_tag=se&keywords=smartphones&qid=1743415538&sr=8-34
"Redmi A4 5G (Starry Black, 4GB RAM, 64GB Storage) | Global Debut SD 4s Gen 2 | Segment Largest 6.88in 120Hz | 50MP Dual Camera | 18W Fast Charging",8499.0,4.0,https://www.amazon.in/Redmi-Storage-Segment-Largest-Charging/dp/B0DLW1L5PR/ref=sr_1_35?dib=eyJ2IjoiMSJ9.CqwzoVJCNrMDkOSWcEDUtOsDmxAyk36_ylI874hCVorOIjTGq92aUMj7Nw2FHJqE6CTlBpMdCc3d0hNCtcgTqnpTD1-_N9Uw32roZNjcj9UN4AwESGTjfZszSmlvNp7B18VMgezFFCFRJWUTPlx46Xiv42Dsspe5ZOln3Z58Bn4XZXLDX0ALWlBOWfkcgz9ff7Cn0nBaID6Hw1WocJlF2zh47wWyT9dec8GqUfqHRfg.gD3xkMHFxwaiY3xT_IdYeOKbtVnD_PCy9lus-Tp0-4w&dib_tag=se&keywords=smartphones&qid=1743415538&sr=8-35
"Redmi 13C 5G (Startrail Green, 8GB RAM, 256GB Storage) | MediaTek Dimensity 6100+ 5G | 90Hz Display",15999.0,4.0,https://www.amazon.in/Redmi-Startrail-Storage-MediaTek-Dimensity/dp/B0CNX84MF4/ref=sr_1_36?dib=eyJ2IjoiMSJ9.CqwzoVJCNrMDkOSWcEDUtOsDmxAyk36_ylI874hCVorOIjTGq92aUMj7Nw2FHJqE6CTlBpMdCc3d0hNCtcgTqnpTD1-_N9Uw32roZNjcj9UN4AwESGTjfZszSmlvNp7B18VMgezFFCFRJWUTPlx46Xiv42Dsspe5ZOln3Z58Bn4XZXLDX0ALWlBOWfkcgz9ff7Cn0nBaID6Hw1WocJlF2zh47wWyT9dec8GqUfqHRfg.gD3xkMHFxwaiY3xT_IdYeOKbtVnD_PCy9lus-Tp0-4w&dib_tag=se&keywords=smartphones&qid=1743415538&sr=8-36
POCO C61 Diamond Dust Black 4GB RAM 64GB ROM,5699.0,3.9,https://www.amazon.in/POCO-Diamond-Dust-Black-64GB/dp/B0CYBBB82G/ref=sr_1_35?dib=eyJ2IjoiMSJ9.fAebn8IXqL8c7MrIVNrGqIIkXghmkn7EkmHDj9kAq2cEHDX4FXA0uyxZM8V7c3CrN0grV_QwkBL75JGxMhtfuKUH7E_o7rz9TgPKpEJygo0158scK-HkR-G9Kxxk_0_GrqD3s8Co-P3IULiXLGdsI6y_VIPwCNXwXg1BOUUJXGD-T7Av6ckXjQSPJY4LHhGzIyqh0LjG-an_NvKG8sjvQVTDV635DmNvOlp6OdKlrmM.CQGghg4fWKto-OSeDLZRihDUvy-gmKMVlXXX7kiUBPo&dib_tag=se&keywords=smartphones&qid=1743415543&sr=8-35
"Samsung Galaxy A36 5G (Awesome Lavender, 8GB, 256GB) | Awesome Intelligence - AI Smartphone: Circle to Search, My Filter, Object Eraser | 4nm Snapdragon Processor | Flagship Grade Selfie Camera",32999.0,3.3,https://www.amazon.in/Samsung-Galaxy-Awesome-Lavender-Intelligence/dp/B0DYDPZWWV/ref=sr_1_36?dib=eyJ2IjoiMSJ9.fAebn8IXqL8c7MrIVNrGqIIkXghmkn7EkmHDj9kAq2cEHDX4FXA0uyxZM8V7c3CrN0grV_QwkBL75JGxMhtfuKUH7E_o7rz9TgPKpEJygo0158scK-HkR-G9Kxxk_0_GrqD3s8Co-P3IULiXLGdsI6y_VIPwCNXwXg1BOUUJXGD-T7Av6ckXjQSPJY4LHhGzIyqh0LjG-an_NvKG8sjvQVTDV635DmNvOlp6OdKlrmM.CQGghg4fWKto-OSeDLZRihDUvy-gmKMVlXXX7kiUBPo&dib_tag=se&keywords=smartphones&qid=1743415543&sr=8-36
"Samsung Galaxy M35 5G (Thunder Grey,6GB RAM,128GB Storage)| Corning Gorilla Glass Victus+| AnTuTu Score 595K+ | Vapour Cooling Chamber | 6000mAh Battery | 120Hz Super AMOLED Display| Without Charger",16999.0,4.1,https://www.amazon.in/Samsung-Thunder-Storage-Corning-Gorilla/dp/B0D7Z8CJP8/ref=sr_1_37?dib=eyJ2IjoiMSJ9.fAebn8IXqL8c7MrIVNrGqIIkXghmkn7EkmHDj9kAq2cEHDX4FXA0uyxZM8V7c3CrN0grV_QwkBL75JGxMhtfuKUH7E_o7rz9TgPKpEJygo0158scK-HkR-G9Kxxk_0_GrqD3s8Co-P3IULiXLGdsI6y_VIPwCNXwXg1BOUUJXGD-T7Av6ckXjQSPJY4LHhGzIyqh0LjG-an_NvKG8sjvQVTDV635DmNvOlp6OdKlrmM.CQGghg4fWKto-OSeDLZRihDUvy-gmKMVlXXX7kiUBPo&dib_tag=se&keywords=smartphones&qid=1743415543&sr=8-37
"iQOO Z9x 5G (Storm Grey, 6GB RAM, 128GB Storage) | Snapdragon 6 Gen 1 with 560k+ AnTuTu Score | 6000mAh Battery with 7.99mm Slim Design | 44W FlashCharge",12499.0,4.2,https://www.amazon.in/iQOO-Storage-Snapdragon-6000mAh-FlashCharge/dp/B07WHRHBLH/ref=sr_1_38?dib=eyJ2IjoiMSJ9.fAebn8IXqL8c7MrIVNrGqIIkXghmkn7EkmHDj9kAq2cEHDX4FXA0uyxZM8V7c3CrN0grV_QwkBL75JGxMhtfuKUH7E_o7rz9TgPKpEJygo0158scK-HkR-G9Kxxk_0_GrqD3s8Co-P3IULiXLGdsI6y_VIPwCNXwXg1BOUUJXGD-T7Av6ckXjQSPJY4LHhGzIyqh0LjG-an_NvKG8sjvQVTDV635DmNvOlp6OdKlrmM.CQGghg4fWKto-OSeDLZRihDUvy-gmKMVlXXX7kiUBPo&dib_tag=se&keywords=smartphones&qid=1743415543&sr=8-38
"Samsung Galaxy A35 5G (Awesome Navy, 8GB RAM, 128GB Storage) with Other Offers",24995.0,4.0,https://www.amazon.in/samsung-Galaxy-Awesome-Storage-Without/dp/B0CXMD9YX5/ref=sr_1_39?dib=eyJ2IjoiMSJ9.fAebn8IXqL8c7MrIVNrGqIIkXghmkn7EkmHDj9kAq2cEHDX4FXA0uyxZM8V7c3CrN0grV_QwkBL75JGxMhtfuKUH7E_o7rz9TgPKpEJygo0158scK-HkR-G9Kxxk_0_GrqD3s8Co-P3IULiXLGdsI6y_VIPwCNXwXg1BOUUJXGD-T7Av6ckXjQSPJY4LHhGzIyqh0LjG-an_NvKG8sjvQVTDV635DmNvOlp6OdKlrmM.CQGghg4fWKto-OSeDLZRihDUvy-gmKMVlXXX7kiUBPo&dib_tag=se&keywords=smartphones&qid=1743415543&sr=8-39
"Redmi A3X (Ocean Green, 4GB RAM, 128GB Storage) | Premium Halo Design | 90Hz Display | Powerful Octa Core Processor",7499.0,3.9,https://www.amazon.in/Redmi-Storage-Premium-Powerful-Processor/dp/B0D78VJQ93/ref=sr_1_40?dib=eyJ2IjoiMSJ9.fAebn8IXqL8c7MrIVNrGqIIkXghmkn7EkmHDj9kAq2cEHDX4FXA0uyxZM8V7c3CrN0grV_QwkBL75JGxMhtfuKUH7E_o7rz9TgPKpEJygo0158scK-HkR-G9Kxxk_0_GrqD3s8Co-P3IULiXLGdsI6y_VIPwCNXwXg1BOUUJXGD-T7Av6ckXjQSPJY4LHhGzIyqh0LjG-an_NvKG8sjvQVTDV635DmNvOlp6OdKlrmM.CQGghg4fWKto-OSeDLZRihDUvy-gmKMVlXXX7kiUBPo&dib_tag=se&keywords=smartphones&qid=1743415543&sr=8-40
"iQOO Z9s Pro 5G (Luxe Marble, 8Gb Ram, 128Gb Storage) | Snapdragon 7 Gen 3 Processor |120 Hz Curved Amoled Display with 4500 Nits Local Peak Brightness | 5500 Mah Battery | Ai Erase, White",22999.0,4.4,https://www.amazon.in/iQOO-Storage-Snapdragon-Processor-Brightness/dp/B07WHR9ZJ9/ref=sr_1_41?dib=eyJ2IjoiMSJ9.fAebn8IXqL8c7MrIVNrGqIIkXghmkn7EkmHDj9kAq2cEHDX4FXA0uyxZM8V7c3CrN0grV_QwkBL75JGxMhtfuKUH7E_o7rz9TgPKpEJygo0158scK-HkR-G9Kxxk_0_GrqD3s8Co-P3IULiXLGdsI6y_VIPwCNXwXg1BOUUJXGD-T7Av6ckXjQSPJY4LHhGzIyqh0LjG-an_NvKG8sjvQVTDV635DmNvOlp6OdKlrmM.CQGghg4fWKto-OSeDLZRihDUvy-gmKMVlXXX7kiUBPo&dib_tag=se&keywords=smartphones&qid=1743415543&sr=8-41
"Samsung Galaxy F55 5G (Raisin Black, 256 GB) (8 GB RAM)",19149.0,3.4,https://www.amazon.in/Samsung-Galaxy-F55-Raisin-Black/dp/B0DFQK5XDJ/ref=sr_1_42?dib=eyJ2IjoiMSJ9.fAebn8IXqL8c7MrIVNrGqIIkXghmkn7EkmHDj9kAq2cEHDX4FXA0uyxZM8V7c3CrN0grV_QwkBL75JGxMhtfuKUH7E_o7rz9TgPKpEJygo0158scK-HkR-G9Kxxk_0_GrqD3s8Co-P3IULiXLGdsI6y_VIPwCNXwXg1BOUUJXGD-T7Av6ckXjQSPJY4LHhGzIyqh0LjG-an_NvKG8sjvQVTDV635DmNvOlp6OdKlrmM.CQGghg4fWKto-OSeDLZRihDUvy-gmKMVlXXX7kiUBPo&dib_tag=se&keywords=smartphones&qid=1743415543&sr=8-42
"Redmi A4 5G (Starry Black, 4GB RAM, 64GB Storage) | Global Debut SD 4s Gen 2 | Segment Largest 6.88in 120Hz | 50MP Dual Camera | 18W Fast Charging",8499.0,4.0,https://www.amazon.in/Redmi-Storage-Segment-Largest-Charging/dp/B0DLW1L5PR/ref=sr_1_45?dib=eyJ2IjoiMSJ9.fAebn8IXqL8c7MrIVNrGqIIkXghmkn7EkmHDj9kAq2cEHDX4FXA0uyxZM8V7c3CrN0grV_QwkBL75JGxMhtfuKUH7E_o7rz9TgPKpEJygo0158scK-HkR-G9Kxxk_0_GrqD3s8Co-P3IULiXLGdsI6y_VIPwCNXwXg1BOUUJXGD-T7Av6ckXjQSPJY4LHhGzIyqh0LjG-an_NvKG8sjvQVTDV635DmNvOlp6OdKlrmM.CQGghg4fWKto-OSeDLZRihDUvy-gmKMVlXXX7kiUBPo&dib_tag=se&keywords=smartphones&qid=1743415543&sr=8-45
"OnePlus Nord CE4 Lite 5G (Super Silver, 8GB RAM, 128GB Storage)",17998.0,4.1,https://www.amazon.in/OnePlus-Super-Silver-128GB-Storage/dp/B0D5YCYS1G/ref=sr_1_46?dib=eyJ2IjoiMSJ9.fAebn8IXqL8c7MrIVNrGqIIkXghmkn7EkmHDj9kAq2cEHDX4FXA0uyxZM8V7c3CrN0grV_QwkBL75JGxMhtfuKUH7E_o7rz9TgPKpEJygo0158scK-HkR-G9Kxxk_0_GrqD3s8Co-P3IULiXLGdsI6y_VIPwCNXwXg1BOUUJXGD-T7Av6ckXjQSPJY4LHhGzIyqh0LjG-an_NvKG8sjvQVTDV635DmNvOlp6OdKlrmM.CQGghg4fWKto-OSeDLZRihDUvy-gmKMVlXXX7kiUBPo&dib_tag=se&keywords=smartphones&qid=1743415543&sr=8-46
"Nothing Phone (2a) 5G (Black, 8GB RAM, 128GB Storage) | 6.7"" AMOLED Display | 50MP (OIS) + 50 MP | 32 MP Front | Mediatek Dimensity 7200 Pro Processor | Glyph Interface | 45 W Charging 100% in 59 mins",18480.0,4.2,https://www.amazon.in/Nothing-Phone-Black-128GB-Storage/dp/B0CX7G9PZ4/ref=sr_1_47?dib=eyJ2IjoiMSJ9.fAebn8IXqL8c7MrIVNrGqIIkXghmkn7EkmHDj9kAq2cEHDX4FXA0uyxZM8V7c3CrN0grV_QwkBL75JGxMhtfuKUH7E_o7rz9TgPKpEJygo0158scK-HkR-G9Kxxk_0_GrqD3s8Co-P3IULiXLGdsI6y_VIPwCNXwXg1BOUUJXGD-T7Av6ckXjQSPJY4LHhGzIyqh0LjG-an_NvKG8sjvQVTDV635DmNvOlp6OdKlrmM.CQGghg4fWKto-OSeDLZRihDUvy-gmKMVlXXX7kiUBPo&dib_tag=se&keywords=smartphones&qid=1743415543&sr=8-47
"realme NARZO N61 (Marble Black, 4GB RAM+64GB Storage) 90Hz Eye Comfort Display | IP54 Dust & Water Resistance | 48-Month Fluency | Charger in The Box",7498.0,4.0,https://www.amazon.in/realme-Storage-Comfort-Resistance-48-Month/dp/B0D9455CRW/ref=sr_1_48?dib=eyJ2IjoiMSJ9.fAebn8IXqL8c7MrIVNrGqIIkXghmkn7EkmHDj9kAq2cEHDX4FXA0uyxZM8V7c3CrN0grV_QwkBL75JGxMhtfuKUH7E_o7rz9TgPKpEJygo0158scK-HkR-G9Kxxk_0_GrqD3s8Co-P3IULiXLGdsI6y_VIPwCNXwXg1BOUUJXGD-T7Av6ckXjQSPJY4LHhGzIyqh0LjG-an_NvKG8sjvQVTDV635DmNvOlp6OdKlrmM.CQGghg4fWKto-OSeDLZRihDUvy-gmKMVlXXX7kiUBPo&dib_tag=se&keywords=smartphones&qid=1743415543&sr=8-48
"Vivo Y19e (Majestic Green, 4GB RAM, 64GB Storage) with No Cost EMI/Additional Exchange Offers | with Charger",7999.0,,https://www.amazon.in/Majestic-Storage-Additional-Exchange-Charger/dp/B07WHRQ5D8/ref=sr_1_49?dib=eyJ2IjoiMSJ9.fAebn8IXqL8c7MrIVNrGqIIkXghmkn7EkmHDj9kAq2cEHDX4FXA0uyxZM8V7c3CrN0grV_QwkBL75JGxMhtfuKUH7E_o7rz9TgPKpEJygo0158scK-HkR-G9Kxxk_0_GrqD3s8Co-P3IULiXLGdsI6y_VIPwCNXwXg1BOUUJXGD-T7Av6ckXjQSPJY4LHhGzIyqh0LjG-an_NvKG8sjvQVTDV635DmNvOlp6OdKlrmM.CQGghg4fWKto-OSeDLZRihDUvy-gmKMVlXXX7kiUBPo&dib_tag=se&keywords=smartphones&qid=1743415543&sr=8-49
"Samsung Galaxy A16 5G (Light Green, 8GB RAM, 256GB Storage) | Super AMOLED | 50MP Triple Camera with Ultra Wide Lens | 6 OS & 6 Years Security Updates | IP54 | Tap & Pay | 5000mAh",19999.0,3.6,https://www.amazon.in/Samsung-Storage-Security-Updates-5000mAh/dp/B0DJML9RPL/ref=sr_1_50?dib=eyJ2IjoiMSJ9.fAebn8IXqL8c7MrIVNrGqIIkXghmkn7EkmHDj9kAq2cEHDX4FXA0uyxZM8V7c3CrN0grV_QwkBL75JGxMhtfuKUH7E_o7rz9TgPKpEJygo0158scK-HkR-G9Kxxk_0_GrqD3s8Co-P3IULiXLGdsI6y_VIPwCNXwXg1BOUUJXGD-T7Av6ckXjQSPJY4LHhGzIyqh0LjG-an_NvKG8sjvQVTDV635DmNvOlp6OdKlrmM.CQGghg4fWKto-OSeDLZRihDUvy-gmKMVlXXX7kiUBPo&dib_tag=se&keywords=smartphones&qid=1743415543&sr=8-50
"POCO M6 Pro 5G (Power Black, 4GB RAM, 128GB Storage) | Snapdragon 4 Gen 2 | 6.79"" Large Screen with 90Hz Refresh Rate | 50 MP Dual AI Camera",9999.0,3.9,https://www.amazon.in/POCO-Power-Black-128GB-Storage/dp/B0CJ6T135W/ref=sr_1_51?dib=eyJ2IjoiMSJ9.fAebn8IXqL8c7MrIVNrGqIIkXghmkn7EkmHDj9kAq2cEHDX4FXA0uyxZM8V7c3CrN0grV_QwkBL75JGxMhtfuKUH7E_o7rz9TgPKpEJygo0158scK-HkR-G9Kxxk_0_GrqD3s8Co-P3IULiXLGdsI6y_VIPwCNXwXg1BOUUJXGD-T7Av6ckXjQSPJY4LHhGzIyqh0LjG-an_NvKG8sjvQVTDV635DmNvOlp6OdKlrmM.CQGghg4fWKto-OSeDLZRihDUvy-gmKMVlXXX7kiUBPo&dib_tag=se&keywords=smartphones&qid=1743415543&sr=8-51
"realme NARZO 70 Turbo 5G (Turbo Yellow,6GB RAM,128GB Storage) | Segment's Fastest Dimensity 7300 Energy 5G Chipset | Motorsports Inspired Design",16998.0,4.2,https://www.amazon.in/realme-Segments-Dimensity-Motorsports-Inspired/dp/B0DDTXJ2MX/ref=sr_1_52?dib=eyJ2IjoiMSJ9.fAebn8IXqL8c7MrIVNrGqIIkXghmkn7EkmHDj9kAq2cEHDX4FXA0uyxZM8V7c3CrN0grV_QwkBL75JGxMhtfuKUH7E_o7rz9TgPKpEJygo0158scK-HkR-G9Kxxk_0_GrqD3s8Co-P3IULiXLGdsI6y_VIPwCNXwXg1BOUUJXGD-T7Av6ckXjQSPJY4LHhGzIyqh0LjG-an_NvKG8sjvQVTDV635DmNvOlp6OdKlrmM.CQGghg4fWKto-OSeDLZRihDUvy-gmKMVlXXX7kiUBPo&dib_tag=se&keywords=smartphones&qid=1743415543&sr=8-52
"iQOO Neo 10R 5G (Raging Blue, 12GB RAM, 256GB Storage) | Snapdragon 8s Gen 3 Processor | India's Slimmest 6400mAh Battery Smartphone | Segment's Most Stable 90FPS for 5 Hours",30999.0,,https://www.amazon.in/iQOO-Snapdragon-Processor-Slimmest-Smartphone/dp/B0DW471L9F/ref=sr_1_51?dib=eyJ2IjoiMSJ9.XWk_XjNt5uOzUe85QzNuZ_i96j_8xwj2mPGiUXgDo4xszIS_ENGScu84N6FyG3EU5wIr9XIU-OaGQIwoizEz5m0mAc7TI32OwVwqP1561SgrRljwUcSjpvYNA2pBXHk1ZKxl3-135t1Px5KLXmuy62bIuvjDgaZzqNo-QnqoV6EO_ephhQXJ61XfAjwR2fhponfTekBJyYY_PKmD5rqCTQaVXGdBiWudpv-qRKOIG7s.jtBQ1jr_L3OXAe_w9TKuXQCiYBYEW7KFVNqYvmMbwaU&dib_tag=se&keywords=smartphones&qid=1743415547&sr=8-51
"Samsung Galaxy F55 5G (Raisin Black, 256 GB) (8 GB RAM)",19149.0,3.4,https://www.amazon.in/Samsung-Galaxy-F55-Raisin-Black/dp/B0DFQK5XDJ/ref=sr_1_52?dib=eyJ2IjoiMSJ9.XWk_XjNt5uOzUe85QzNuZ_i96j_8xwj2mPGiUXgDo4xszIS_ENGScu84N6FyG3EU5wIr9XIU-OaGQIwoizEz5m0mAc7TI32OwVwqP1561SgrRljwUcSjpvYNA2pBXHk1ZKxl3-135t1Px5KLXmuy62bIuvjDgaZzqNo-QnqoV6EO_ephhQXJ61XfAjwR2fhponfTekBJyYY_PKmD5rqCTQaVXGdBiWudpv-qRKOIG7s.jtBQ1jr_L3OXAe_w9TKuXQCiYBYEW7KFVNqYvmMbwaU&dib_tag=se&keywords=smartphones&qid=1743415547&sr=8-52
"Vivo T3 5G (Cosmic Blue, 128 GB) (8 GB RAM)",17095.0,4.2,https://www.amazon.in/Vivo-Cosmic-Blue-128-RAM/dp/B07WMQ7GH3/ref=sr_1_53?dib=eyJ2IjoiMSJ9.XWk_XjNt5uOzUe85QzNuZ_i96j_8xwj2mPGiUXgDo4xszIS_ENGScu84N6FyG3EU5wIr9XIU-OaGQIwoizEz5m0mAc7TI32OwVwqP1561SgrRljwUcSjpvYNA2pBXHk1ZKxl3-135t1Px5KLXmuy62bIuvjDgaZzqNo-QnqoV6EO_ephhQXJ61XfAjwR2fhponfTekBJyYY_PKmD5rqCTQaVXGdBiWudpv-qRKOIG7s.jtBQ1jr_L3OXAe_w9TKuXQCiYBYEW7KFVNqYvmMbwaU&dib_tag=se&keywords=smartphones&qid=1743415547&sr=8-53
POCO C61 Mystical Green 4GB RAM 64GB ROM,5699.0,4.0,https://www.amazon.in/POCO-C61-Mystical-Green-64GB/dp/B0CYBKWQ2V/ref=sr_1_54?dib=eyJ2IjoiMSJ9.XWk_XjNt5uOzUe85QzNuZ_i96j_8xwj2mPGiUXgDo4xszIS_ENGScu84N6FyG3EU5wIr9XIU-OaGQIwoizEz5m0mAc7TI32OwVwqP1561SgrRljwUcSjpvYNA2pBXHk1ZKxl3-135t1Px5KLXmuy62bIuvjDgaZzqNo-QnqoV6EO_ephhQXJ61XfAjwR2fhponfTekBJyYY_PKmD5rqCTQaVXGdBiWudpv-qRKOIG7s.jtBQ1jr_L3OXAe_w9TKuXQCiYBYEW7KFVNqYvmMbwaU&dib_tag=se&keywords=smartphones&qid=1743415547&sr=8-54
"Vivo T3x 5G (Celestial Green, 128 GB) (6 GB RAM)",14330.0,4.2,https://www.amazon.in/Vivo-T3x-Celestial-Green-128/dp/B07WDKKJWK/ref=sr_1_55?dib=eyJ2IjoiMSJ9.XWk_XjNt5uOzUe85QzNuZ_i96j_8xwj2mPGiUXgDo4xszIS_ENGScu84N6FyG3EU5wIr9XIU-OaGQIwoizEz5m0mAc7TI32OwVwqP1561SgrRljwUcSjpvYNA2pBXHk1ZKxl3-135t1Px5KLXmuy62bIuvjDgaZzqNo-QnqoV6EO_ephhQXJ61XfAjwR2fhponfTekBJyYY_PKmD5rqCTQaVXGdBiWudpv-qRKOIG7s.jtBQ1jr_L3OXAe_w9TKuXQCiYBYEW7KFVNqYvmMbwaU&dib_tag=se&keywords=smartphones&qid=1743415547&sr=8-55
"iQOO Z9x 5G (Storm Grey, 6GB RAM, 128GB Storage) | Snapdragon 6 Gen 1 with 560k+ AnTuTu Score | 6000mAh Battery with 7.99mm Slim Design | 44W FlashCharge",12499.0,4.2,https://www.amazon.in/iQOO-Storage-Snapdragon-6000mAh-FlashCharge/dp/B07WHRHBLH/ref=sr_1_56?dib=eyJ2IjoiMSJ9.XWk_XjNt5uOzUe85QzNuZ_i96j_8xwj2mPGiUXgDo4xszIS_ENGScu84N6FyG3EU5wIr9XIU-OaGQIwoizEz5m0mAc7TI32OwVwqP1561SgrRljwUcSjpvYNA2pBXHk1ZKxl3-135t1Px5KLXmuy62bIuvjDgaZzqNo-QnqoV6EO_ephhQXJ61XfAjwR2fhponfTekBJyYY_PKmD5rqCTQaVXGdBiWudpv-qRKOIG7s.jtBQ1jr_L3OXAe_w9TKuXQCiYBYEW7KFVNqYvmMbwaU&dib_tag=se&keywords=smartphones&qid=1743415547&sr=8-56
"realme NARZO N61 (Voyage Blue,4GB RAM+64GB Storage) 90Hz Eye Comfort Display | IP54 Dust & Water Resistance | 48-Month Fluency | Charger in The Box",7498.0,4.0,https://www.amazon.in/realme-Storage-Comfort-Resistance-48-Month/dp/B0D945V84N/ref=sr_1_57?dib=eyJ2IjoiMSJ9.XWk_XjNt5uOzUe85QzNuZ_i96j_8xwj2mPGiUXgDo4xszIS_ENGScu84N6FyG3EU5wIr9XIU-OaGQIwoizEz5m0mAc7TI32OwVwqP1561SgrRljwUcSjpvYNA2pBXHk1ZKxl3-135t1Px5KLXmuy62bIuvjDgaZzqNo-QnqoV6EO_ephhQXJ61XfAjwR2fhponfTekBJyYY_PKmD5rqCTQaVXGdBiWudpv-qRKOIG7s.jtBQ1jr_L3OXAe_w9TKuXQCiYBYEW7KFVNqYvmMbwaU&dib_tag=se&keywords=smartphones&qid=1743415547&sr=8-57
"iQOO Z9 Lite 5G (Aqua Flow, 6GB RAM, 128GB Storage) | Dimensity 6300 5G | 50MP Sony AI Camera | Charger in The Box",11499.0,4.1,https://www.amazon.in/iQOO-Storage-Dimensity-Camera-Charger/dp/B07WHSNYL5/ref=sr_1_58?dib=eyJ2IjoiMSJ9.XWk_XjNt5uOzUe85QzNuZ_i96j_8xwj2mPGiUXgDo4xszIS_ENGScu84N6FyG3EU5wIr9XIU-OaGQIwoizEz5m0mAc7TI32OwVwqP1561SgrRljwUcSjpvYNA2pBXHk1ZKxl3-135t1Px5KLXmuy62bIuvjDgaZzqNo-QnqoV6EO_ephhQXJ61XfAjwR2fhponfTekBJyYY_PKmD5rqCTQaVXGdBiWudpv-qRKOIG7s.jtBQ1jr_L3OXAe_w9TKuXQCiYBYEW7KFVNqYvmMbwaU&dib_tag=se&keywords=smartphones&qid=1743415547&sr=8-58
"Samsung Galaxy M35 5G (Thunder Grey,8GB RAM,256GB Storage)| Corning Gorilla Glass Victus+| AnTuTu Score 595K+ | Vapour Cooling Chamber | 6000mAh Battery | 120Hz Super AMOLED Display| Without Charger",21499.0,4.1,https://www.amazon.in/Samsung-Thunder-Storage-Corning-Gorilla/dp/B0D812G7FL/ref=sr_1_61?dib=eyJ2IjoiMSJ9.XWk_XjNt5uOzUe85QzNuZ_i96j_8xwj2mPGiUXgDo4xszIS_ENGScu84N6FyG3EU5wIr9XIU-OaGQIwoizEz5m0mAc7TI32OwVwqP1561SgrRljwUcSjpvYNA2pBXHk1ZKxl3-135t1Px5KLXmuy62bIuvjDgaZzqNo-QnqoV6EO_ephhQXJ61XfAjwR2fhponfTekBJyYY_PKmD5rqCTQaVXGdBiWudpv-qRKOIG7s.jtBQ1jr_L3OXAe_w9TKuXQCiYBYEW7KFVNqYvmMbwaU&dib_tag=se&keywords=smartphones&qid=1743415547&sr=8-61
"vivo T3 Pro 5G (Emerald Green, 8GB RAM+ 256GB Storage) | Snapdragon 7 Gen 3 Processor | 120Hz AMOLED Display | Dual Nano-SIM | 5500mAh Battery",24940.0,3.5,https://www.amazon.in/T3-Pro-Snapdragon-Processor-Nano-SIM/dp/B0DNK85GFL/ref=sr_1_62?dib=eyJ2IjoiMSJ9.XWk_XjNt5uOzUe85QzNuZ_i96j_8xwj2mPGiUXgDo4xszIS_ENGScu84N6FyG3EU5wIr9XIU-OaGQIwoizEz5m0mAc7TI32OwVwqP1561SgrRljwUcSjpvYNA2pBXHk1ZKxl3-135t1Px5KLXmuy62bIuvjDgaZzqNo-QnqoV6EO_ephhQXJ61XfAjwR2fhponfTekBJyYY_PKmD5rqCTQaVXGdBiWudpv-qRKOIG7s.jtBQ1jr_L3OXAe_w9TKuXQCiYBYEW7KFVNqYvmMbwaU&dib_tag=se&keywords=smartphones&qid=1743415547&sr=8-62
"realme NARZO N65 5G (Amber Gold 8GB RAM, 128GB Storage) India's 1st D6300 5G Chipset | Ultra Slim Design | 120Hz Eye Comfort Display | 50MP AI Camera| Charger in The Box",13498.0,4.1,https://www.amazon.in/realme-Storage-Chipset-Comfort-Display/dp/B0D9NFLZMQ/ref=sr_1_63?dib=eyJ2IjoiMSJ9.XWk_XjNt5uOzUe85QzNuZ_i96j_8xwj2mPGiUXgDo4xszIS_ENGScu84N6FyG3EU5wIr9XIU-OaGQIwoizEz5m0mAc7TI32OwVwqP1561SgrRljwUcSjpvYNA2pBXHk1ZKxl3-135t1Px5KLXmuy62bIuvjDgaZzqNo-QnqoV6EO_ephhQXJ61XfAjwR2fhponfTekBJyYY_PKmD5rqCTQaVXGdBiWudpv-qRKOIG7s.jtBQ1jr_L3OXAe_w9TKuXQCiYBYEW7KFVNqYvmMbwaU&dib_tag=se&keywords=smartphones&qid=1743415547&sr=8-63
"Vivo V50 5G (Starry Night, 12GB RAM, 512GB Storage) with No Cost EMI/Additional Exchange Offers",40999.0,4.2,https://www.amazon.in/V50-Starry-Storage-Additional-Exchange/dp/B0DTHV1R8C/ref=sr_1_64?dib=eyJ2IjoiMSJ9.XWk_XjNt5uOzUe85QzNuZ_i96j_8xwj2mPGiUXgDo4xszIS_ENGScu84N6FyG3EU5wIr9XIU-OaGQIwoizEz5m0mAc7TI32OwVwqP1561SgrRljwUcSjpvYNA2pBXHk1ZKxl3-135t1Px5KLXmuy62bIuvjDgaZzqNo-QnqoV6EO_ephhQXJ61XfAjwR2fhponfTekBJyYY_PKmD5rqCTQaVXGdBiWudpv-qRKOIG7s.jtBQ1jr_L3OXAe_w9TKuXQCiYBYEW7KFVNqYvmMbwaU&dib_tag=se&keywords=smartphones&qid=1743415547&sr=8-64
"Redmi 13C 5G (Startrail Green, 8GB RAM, 256GB Storage) | MediaTek Dimensity 6100+ 5G | 90Hz Display",15999.0,4.0,https://www.amazon.in/Redmi-Startrail-Storage-MediaTek-Dimensity/dp/B0CNX84MF4/ref=sr_1_65?dib=eyJ2IjoiMSJ9.XWk_XjNt5uOzUe85QzNuZ_i96j_8xwj2mPGiUXgDo4xszIS_ENGScu84N6FyG3EU5wIr9XIU-OaGQIwoizEz5m0mAc7TI32OwVwqP1561SgrRljwUcSjpvYNA2pBXHk1ZKxl3-135t1Px5KLXmuy62bIuvjDgaZzqNo-QnqoV6EO_ephhQXJ61XfAjwR2fhponfTekBJyYY_PKmD5rqCTQaVXGdBiWudpv-qRKOIG7s.jtBQ1jr_L3OXAe_w9TKuXQCiYBYEW7KFVNqYvmMbwaU&dib_tag=se&keywords=smartphones&qid=1743415547&sr=8-65
"OnePlus Nord CE4 (Dark Chrome, 8GB RAM, 256GB Storage)",24997.0,4.2,https://www.amazon.in/Oneplus-Nord-Chrome-256GB-Storage/dp/B0CX5BZXLF/ref=sr_1_66?dib=eyJ2IjoiMSJ9.XWk_XjNt5uOzUe85QzNuZ_i96j_8xwj2mPGiUXgDo4xszIS_ENGScu84N6FyG3EU5wIr9XIU-OaGQIwoizEz5m0mAc7TI32OwVwqP1561SgrRljwUcSjpvYNA2pBXHk1ZKxl3-135t1Px5KLXmuy62bIuvjDgaZzqNo-QnqoV6EO_ephhQXJ61XfAjwR2fhponfTekBJyYY_PKmD5rqCTQaVXGdBiWudpv-qRKOIG7s.jtBQ1jr_L3OXAe_w9TKuXQCiYBYEW7KFVNqYvmMbwaU&dib_tag=se&keywords=smartphones&qid=1743415547&sr=8-66
"TECNO POVA 6 NEO 5G (Midnight Shadow, 8GB+256GB) | Advanced AI Features | 108MP Ultra Clear AI Camera | D6300 Powerful Processor | 5 Year Lag Free Fluency | 5000 mAh Battery | InBuilt Infrared and NFC",13999.0,3.8,https://www.amazon.in/Midnight-Advanced-Features-Powerful-Processor/dp/B0DCZL2R8L/ref=sr_1_67?dib=eyJ2IjoiMSJ9.XWk_XjNt5uOzUe85QzNuZ_i96j_8xwj2mPGiUXgDo4xszIS_ENGScu84N6FyG3EU5wIr9XIU-OaGQIwoizEz5m0mAc7TI32OwVwqP1561SgrRljwUcSjpvYNA2pBXHk1ZKxl3-135t1Px5KLXmuy62bIuvjDgaZzqNo-QnqoV6EO_ephhQXJ61XfAjwR2fhponfTekBJyYY_PKmD5rqCTQaVXGdBiWudpv-qRKOIG7s.jtBQ1jr_L3OXAe_w9TKuXQCiYBYEW7KFVNqYvmMbwaU&dib_tag=se&keywords=smartphones&qid=1743415547&sr=8-67
POCO M6 Plus 5G Misty Lavender 6GB RAM 128GB ROM,10499.0,4.0,https://www.amazon.in/POCO-Plus-Misty-Lavender-128GB/dp/B0DF7D1664/ref=sr_1_68?dib=eyJ2IjoiMSJ9.XWk_XjNt5uOzUe85QzNuZ_i96j_8xwj2mPGiUXgDo4xszIS_ENGScu84N6FyG3EU5wIr9XIU-OaGQIwoizEz5m0mAc7TI32OwVwqP1561SgrRljwUcSjpvYNA2pBXHk1ZKxl3-135t1Px5KLXmuy62bIuvjDgaZzqNo-QnqoV6EO_ephhQXJ61XfAjwR2fhponfTekBJyYY_PKmD5rqCTQaVXGdBiWudpv-qRKOIG7s.jtBQ1jr_L3OXAe_w9TKuXQCiYBYEW7KFVNqYvmMbwaU&dib_tag=se&keywords=smartphones&qid=1743415547&sr=8-68
"Redmi 13C 5G (Startrail Green, 8GB RAM, 256GB Storage) | MediaTek Dimensity 6100+ 5G | 90Hz Display",15999.0,4.0,https://www.amazon.in/Redmi-Startrail-Storage-MediaTek-Dimensity/dp/B0CNX84MF4/ref=sr_1_67?dib=eyJ2IjoiMSJ9.LJ4NLPH2RfnvboQoLMtffkZxAYb0Ar6twCryYZGnYkPvOogvLzApKmaJO8af2_tOwOElRH1jUZcu6FfWgPBLSbBe_ty3C_AMLCdt46_4WuaLO5kgumQ96xhhmkWzTD_W1XgDPn62dw64ExKGDARSZKf4EJvx-uuZ7wxNmaGDo0Gy_U4nghIiWDngPsEO70TcWm_HsPvJHz4glOYkgrc5Vpl_ZdaKsfYxDYUJj0_js3Q.vk6scGTk9BxKf5pzx9bLmTINR2Um38GDHzdHRt0QWAA&dib_tag=se&keywords=smartphones&qid=1743415552&sr=8-67
"Redmi A3X (Midnight Black, 3GB RAM, 64GB Storage) | Premium Halo Design | 90Hz Display | Powerful Octa Core Processor",6199.0,3.9,https://www.amazon.in/Redmi-Midnight-Storage-Powerful-Processor/dp/B0D78VYHPY/ref=sr_1_68?dib=eyJ2IjoiMSJ9.LJ4NLPH2RfnvboQoLMtffkZxAYb0Ar6twCryYZGnYkPvOogvLzApKmaJO8af2_tOwOElRH1jUZcu6FfWgPBLSbBe_ty3C_AMLCdt46_4WuaLO5kgumQ96xhhmkWzTD_W1XgDPn62dw64ExKGDARSZKf4EJvx-uuZ7wxNmaGDo0Gy_U4nghIiWDngPsEO70TcWm_HsPvJHz4glOYkgrc5Vpl_ZdaKsfYxDYUJj0_js3Q.vk6scGTk9BxKf5pzx9bLmTINR2Um38GDHzdHRt0QWAA&dib_tag=se&keywords=smartphones&qid=1743415552&sr=8-68
"Samsung Galaxy M06 5G (Sage Green, 4GB RAM, 128 GB Storage) | MediaTek Dimensity 6300 | AnTuTu Score 422K+ | 12 5G Bands| 25W Fast Charging | 4 Gen. of OS Upgrades | Without Charger",9199.0,,https://www.amazon.in/Samsung-MediaTek-Dimensity-Charging-Upgrades/dp/B0DX6P3RX9/ref=sr_1_69?dib=eyJ2IjoiMSJ9.LJ4NLPH2RfnvboQoLMtffkZxAYb0Ar6twCryYZGnYkPvOogvLzApKmaJO8af2_tOwOElRH1jUZcu6FfWgPBLSbBe_ty3C_AMLCdt46_4WuaLO5kgumQ96xhhmkWzTD_W1XgDPn62dw64ExKGDARSZKf4EJvx-uuZ7wxNmaGDo0Gy_U4nghIiWDngPsEO70TcWm_HsPvJHz4glOYkgrc5Vpl_ZdaKsfYxDYUJj0_js3Q.vk6scGTk9BxKf5pzx9bLmTINR2Um38GDHzdHRt0QWAA&dib_tag=se&keywords=smartphones&qid=1743415552&sr=8-69
"POCO M6 Pro 5G (Power Black, 4GB RAM, 128GB Storage) | Snapdragon 4 Gen 2 | 6.79"" Large Screen with 90Hz Refresh Rate | 50 MP Dual AI Camera",9999.0,3.9,https://www.amazon.in/POCO-Power-Black-128GB-Storage/dp/B0CJ6T135W/ref=sr_1_70?dib=eyJ2IjoiMSJ9.LJ4NLPH2RfnvboQoLMtffkZxAYb0Ar6twCryYZGnYkPvOogvLzApKmaJO8af2_tOwOElRH1jUZcu6FfWgPBLSbBe_ty3C_AMLCdt46_4WuaLO5kgumQ96xhhmkWzTD_W1XgDPn62dw64ExKGDARSZKf4EJvx-uuZ7wxNmaGDo0Gy_U4nghIiWDngPsEO70TcWm_HsPvJHz4glOYkgrc5Vpl_ZdaKsfYxDYUJj0_js3Q.vk6scGTk9BxKf5pzx9bLmTINR2Um38GDHzdHRt0QWAA&dib_tag=se&keywords=smartphones&qid=1743415552&sr=8-70
"Samsung Galaxy A35 5G (Awesome Navy, 8GB RAM, 256GB Storage) | Premium Glass Back | 50 MP Main Camera (OIS) | Nightography | IP67 | Corning Gorilla Glass Victus+ | sAMOLED with Vision Booster",28999.0,4.0,https://www.amazon.in/Samsung-Awesome-Storage-Premium-Nightography/dp/B0CWPB4X2Q/ref=sr_1_71?dib=eyJ2IjoiMSJ9.LJ4NLPH2RfnvboQoLMtffkZxAYb0Ar6twCryYZGnYkPvOogvLzApKmaJO8af2_tOwOElRH1jUZcu6FfWgPBLSbBe_ty3C_AMLCdt46_4WuaLO5kgumQ96xhhmkWzTD_W1XgDPn62dw64ExKGDARSZKf4EJvx-uuZ7wxNmaGDo0Gy_U4nghIiWDngPsEO70TcWm_HsPvJHz4glOYkgrc5Vpl_ZdaKsfYxDYUJj0_js3Q.vk6scGTk9BxKf5pzx9bLmTINR2Um38GDHzdHRt0QWAA&dib_tag=se&keywords=smartphones&qid=1743415552&sr=8-71
POCO M6 Plus 5G Ice Silver 6GB RAM 128GB ROM,11199.0,4.2,https://www.amazon.in/POCO-Plus-Ice-Silver-128GB/dp/B0DF7HWHD4/ref=sr_1_72?dib=eyJ2IjoiMSJ9.LJ4NLPH2RfnvboQoLMtffkZxAYb0Ar6twCryYZGnYkPvOogvLzApKmaJO8af2_tOwOElRH1jUZcu6FfWgPBLSbBe_ty3C_AMLCdt46_4WuaLO5kgumQ96xhhmkWzTD_W1XgDPn62dw64ExKGDARSZKf4EJvx-uuZ7wxNmaGDo0Gy_U4nghIiWDngPsEO70TcWm_HsPvJHz4glOYkgrc5Vpl_ZdaKsfYxDYUJj0_js3Q.vk6scGTk9BxKf5pzx9bLmTINR2Um38GDHzdHRt0QWAA&dib_tag=se&keywords=smartphones&qid=1743415552&sr=8-72
"Vivo Y200 5G Mobile (Jungle Green, 8GB RAM, 256GB Storage) with No Cost EMI/Additional Exchange Offers",17699.0,4.1,https://www.amazon.in/Vivo-Mobile-Storage-Additional-Exchange/dp/B07WHRHBLY/ref=sr_1_73?dib=eyJ2IjoiMSJ9.LJ4NLPH2RfnvboQoLMtffkZxAYb0Ar6twCryYZGnYkPvOogvLzApKmaJO8af2_tOwOElRH1jUZcu6FfWgPBLSbBe_ty3C_AMLCdt46_4WuaLO5kgumQ96xhhmkWzTD_W1XgDPn62dw64ExKGDARSZKf4EJvx-uuZ7wxNmaGDo0Gy_U4nghIiWDngPsEO70TcWm_HsPvJHz4glOYkgrc5Vpl_ZdaKsfYxDYUJj0_js3Q.vk6scGTk9BxKf5pzx9bLmTINR2Um38GDHzdHRt0QWAA&dib_tag=se&keywords=smartphones&qid=1743415552&sr=8-73
"realme NARZO N61 (Marble Black, 4GB RAM+64GB Storage) 90Hz Eye Comfort Display | IP54 Dust & Water Resistance | 48-Month Fluency | Charger in The Box",7498.0,4.0,https://www.amazon.in/realme-Storage-Comfort-Resistance-48-Month/dp/B0D9455CRW/ref=sr_1_74?dib=eyJ2IjoiMSJ9.LJ4NLPH2RfnvboQoLMtffkZxAYb0Ar6twCryYZGnYkPvOogvLzApKmaJO8af2_tOwOElRH1jUZcu6FfWgPBLSbBe_ty3C_AMLCdt46_4WuaLO5kgumQ96xhhmkWzTD_W1XgDPn62dw64ExKGDARSZKf4EJvx-uuZ7wxNmaGDo0Gy_U4nghIiWDngPsEO70TcWm_HsPvJHz4glOYkgrc5Vpl_ZdaKsfYxDYUJj0_js3Q.vk6scGTk9BxKf5pzx9bLmTINR2Um38GDHzdHRt0QWAA&dib_tag=se&keywords=smartphones&qid=1743415552&sr=8-74
"realme 13 5G (Speed Green, 8GB RAM, 256GB Storage) | Expandable Upto 2TB | Up to 18GB Dynamic RAM | 50MP AI Dual Camera | 6.72"" AMOLED Display | 45W Ultra Charging | Dimensity 6300 Processor",15999.0,4.0,https://www.amazon.in/realme-Expandable-Charging-Dimensity-Processor/dp/B0DFNN474S/ref=sr_1_77?dib=eyJ2IjoiMSJ9.LJ4NLPH2RfnvboQoLMtffkZxAYb0Ar6twCryYZGnYkPvOogvLzApKmaJO8af2_tOwOElRH1jUZcu6FfWgPBLSbBe_ty3C_AMLCdt46_4WuaLO5kgumQ96xhhmkWzTD_W1XgDPn62dw64ExKGDARSZKf4EJvx-uuZ7wxNmaGDo0Gy_U4nghIiWDngPsEO70TcWm_HsPvJHz4glOYkgrc5Vpl_ZdaKsfYxDYUJj0_js3Q.vk6scGTk9BxKf5pzx9bLmTINR2Um38GDHzdHRt0QWAA&dib_tag=se&keywords=smartphones&qid=1743415552&sr=8-77
"Samsung Galaxy M15 5G Prime Edition (Stone Grey,6GB RAM,128GB Storage)| Super AMOLED Display| 50MP Triple Cam| 6000mAh Battery| MediaTek Dimensity 6100+| 4 Gen. OS Upgrade & 5 Year Security Update",12999.0,4.0,https://www.amazon.in/Samsung-Storage-MediaTek-Dimensity-Security/dp/B0DGXBSYHS/ref=sr_1_78?dib=eyJ2IjoiMSJ9.LJ4NLPH2RfnvboQoLMtffkZxAYb0Ar6twCryYZGnYkPvOogvLzApKmaJO8af2_tOwOElRH1jUZcu6FfWgPBLSbBe_ty3C_AMLCdt46_4WuaLO5kgumQ96xhhmkWzTD_W1XgDPn62dw64ExKGDARSZKf4EJvx-uuZ7wxNmaGDo0Gy_U4nghIiWDngPsEO70TcWm_HsPvJHz4glOYkgrc5Vpl_ZdaKsfYxDYUJj0_js3Q.vk6scGTk9BxKf5pzx9bLmTINR2Um38GDHzdHRt0QWAA&dib_tag=se&keywords=smartphones&qid=1743415552&sr=8-78
"Samsung Galaxy M16 5G (Blush Pink, 6GB RAM, 128 GB Storage) | MediaTek Dimensity 6300| AnTuTu Score 422K+ | Super Amoled Display | 25W Fast Charging | 6 Gen. of OS Upgrades | Without Charger",12999.0,,https://www.amazon.in/Samsung-MediaTek-Dimensity-Charging-Upgrades/dp/B0DX791PX9/ref=sr_1_79?dib=eyJ2IjoiMSJ9.LJ4NLPH2RfnvboQoLMtffkZxAYb0Ar6twCryYZGnYkPvOogvLzApKmaJO8af2_tOwOElRH1jUZcu6FfWgPBLSbBe_ty3C_AMLCdt46_4WuaLO5kgumQ96xhhmkWzTD_W1XgDPn62dw64ExKGDARSZKf4EJvx-uuZ7wxNmaGDo0Gy_U4nghIiWDngPsEO70TcWm_HsPvJHz4glOYkgrc5Vpl_ZdaKsfYxDYUJj0_js3Q.vk6scGTk9BxKf5pzx9bLmTINR2Um38GDHzdHRt0QWAA&dib_tag=se&keywords=smartphones&qid=1743415552&sr=8-79
"Samsung Galaxy A16 5G (Light Green, 8GB RAM, 256GB Storage) | Super AMOLED | 50MP Triple Camera with Ultra Wide Lens | 6 OS & 6 Years Security Updates | IP54 | Tap & Pay | 5000mAh",19999.0,3.6,https://www.amazon.in/Samsung-Storage-Security-Updates-5000mAh/dp/B0DJML9RPL/ref=sr_1_80?dib=eyJ2IjoiMSJ9.LJ4NLPH2RfnvboQoLMtffkZxAYb0Ar6twCryYZGnYkPvOogvLzApKmaJO8af2_tOwOElRH1jUZcu6FfWgPBLSbBe_ty3C_AMLCdt46_4WuaLO5kgumQ96xhhmkWzTD_W1XgDPn62dw64ExKGDARSZKf4EJvx-uuZ7wxNmaGDo0Gy_U4nghIiWDngPsEO70TcWm_HsPvJHz4glOYkgrc5Vpl_ZdaKsfYxDYUJj0_js3Q.vk6scGTk9BxKf5pzx9bLmTINR2Um38GDHzdHRt0QWAA&dib_tag=se&keywords=smartphones&qid=1743415552&sr=8-80
"iQOO Z9s 5G (Titanium Matte, 8GB RAM, 128GB Storage) | 120 Hz 3D Curved AMOLED Display | 5500 mAh Ultra-Thin Battery | Dimesity 7300 5G Processor | Sony IMX882 OIS Camera with Aura Light",19999.0,4.3,https://www.amazon.in/iQOO-Titanium-Ultra-Thin-Dimesity-Processor/dp/B07WHS99FG/ref=sr_1_81?dib=eyJ2IjoiMSJ9.LJ4NLPH2RfnvboQoLMtffkZxAYb0Ar6twCryYZGnYkPvOogvLzApKmaJO8af2_tOwOElRH1jUZcu6FfWgPBLSbBe_ty3C_AMLCdt46_4WuaLO5kgumQ96xhhmkWzTD_W1XgDPn62dw64ExKGDARSZKf4EJvx-uuZ7wxNmaGDo0Gy_U4nghIiWDngPsEO70TcWm_HsPvJHz4glOYkgrc5Vpl_ZdaKsfYxDYUJj0_js3Q.vk6scGTk9BxKf5pzx9bLmTINR2Um38GDHzdHRt0QWAA&dib_tag=se&keywords=smartphones&qid=1743415552&sr=8-81
"Samsung Galaxy F15 5G (Ash Black, 6GB RAM, 128 GB Storage)",12175.0,4.0,https://www.amazon.in/Samsung-Galaxy-F15-Black-Storage/dp/B0CY8FR4R7/ref=sr_1_82?dib=eyJ2IjoiMSJ9.LJ4NLPH2RfnvboQoLMtffkZxAYb0Ar6twCryYZGnYkPvOogvLzApKmaJO8af2_tOwOElRH1jUZcu6FfWgPBLSbBe_ty3C_AMLCdt46_4WuaLO5kgumQ96xhhmkWzTD_W1XgDPn62dw64ExKGDARSZKf4EJvx-uuZ7wxNmaGDo0Gy_U4nghIiWDngPsEO70TcWm_HsPvJHz4glOYkgrc5Vpl_ZdaKsfYxDYUJj0_js3Q.vk6scGTk9BxKf5pzx9bLmTINR2Um38GDHzdHRt0QWAA&dib_tag=se&keywords=smartphones&qid=1743415552&sr=8-82
"iQOO Z9 Lite 5G (Aqua Flow, 4GB RAM, 128GB Storage) | Dimensity 6300 5G | 50MP Sony AI Camera | Charger in The Box",10498.0,4.1,https://www.amazon.in/iQOO-Storage-Dimensity-Camera-Charger/dp/B07WJTB99S/ref=sr_1_83?dib=eyJ2IjoiMSJ9.LJ4NLPH2RfnvboQoLMtffkZxAYb0Ar6twCryYZGnYkPvOogvLzApKmaJO8af2_tOwOElRH1jUZcu6FfWgPBLSbBe_ty3C_AMLCdt46_4WuaLO5kgumQ96xhhmkWzTD_W1XgDPn62dw64ExKGDARSZKf4EJvx-uuZ7wxNmaGDo0Gy_U4nghIiWDngPsEO70TcWm_HsPvJHz4glOYkgrc5Vpl_ZdaKsfYxDYUJj0_js3Q.vk6scGTk9BxKf5pzx9bLmTINR2Um38GDHzdHRt0QWAA&dib_tag=se&keywords=smartphones&qid=1743415552&sr=8-83
"Motorola G45 5G (Brilliant Green, 8GB RAM, 128GB Storage) | 6.5"" FHD+ Display | Snapdragon 6 Gen1 Processor | 50MP Camera | 16MP Front Camera | 5000mAh Battery | 33W Charging",11600.0,3.8,https://www.amazon.in/Motorola-Brilliant-Snapdragon-Processor-Charging/dp/B0DDYBQWLW/ref=sr_1_84?dib=eyJ2IjoiMSJ9.LJ4NLPH2RfnvboQoLMtffkZxAYb0Ar6twCryYZGnYkPvOogvLzApKmaJO8af2_tOwOElRH1jUZcu6FfWgPBLSbBe_ty3C_AMLCdt46_4WuaLO5kgumQ96xhhmkWzTD_W1XgDPn62dw64ExKGDARSZKf4EJvx-uuZ7wxNmaGDo0Gy_U4nghIiWDngPsEO70TcWm_HsPvJHz4glOYkgrc5Vpl_ZdaKsfYxDYUJj0_js3Q.vk6scGTk9BxKf5pzx9bLmTINR2Um38GDHzdHRt0QWAA&dib_tag=se&keywords=smartphones&qid=1743415552&sr=8-84
"Samsung Galaxy M06 5G (Sage Green, 6GB RAM, 128 GB Storage) | MediaTek Dimensity 6300 | AnTuTu Score 422K+ | 12 5G Bands| 25W Fast Charging | 4 Gen. of OS Upgrades | Without Charger",10699.0,,https://www.amazon.in/Samsung-MediaTek-Dimensity-Charging-Upgrades/dp/B0DX655V11/ref=sr_1_83?dib=eyJ2IjoiMSJ9.dW2TbqquQWQGXFVhV23ip1wZDIqP--daZjKSP3FizpBNJCt4qmnJw47jPt8RaspK_accWZIQDDbriKQbAJHXei5QINbR_ndqAEU2z7jH9BJ7Eaej1nfxzt9nIUGZIUjKhsTjRwdlLljL0NisVBNbolUu67439HfQweA2w527wkfmhuWFz2Dz8CPNIkqme7Ehitc7ntf2S0RUvBj66SvHVI6rELRW48vG_TKlnFE5Y3w.y1ae8UaDGRwztqDwQ3MMSER9-33yioTbT3Oqc4CA6Z4&dib_tag=se&keywords=smartphones&qid=1743415557&sr=8-83
"OnePlus 13 | Smarter with OnePlus AI (12GB RAM, 256GB Storage Black Eclipse)",69998.0,4.4,https://www.amazon.in/OnePlus-Smarter-256GB-Storage-Eclipse/dp/B0DQ8MGRNX/ref=sr_1_84?dib=eyJ2IjoiMSJ9.dW2TbqquQWQGXFVhV23ip1wZDIqP--daZjKSP3FizpBNJCt4qmnJw47jPt8RaspK_accWZIQDDbriKQbAJHXei5QINbR_ndqAEU2z7jH9BJ7Eaej1nfxzt9nIUGZIUjKhsTjRwdlLljL0NisVBNbolUu67439HfQweA2w527wkfmhuWFz2Dz8CPNIkqme7Ehitc7ntf2S0RUvBj66SvHVI6rELRW48vG_TKlnFE5Y3w.y1ae8UaDGRwztqDwQ3MMSER9-33yioTbT3Oqc4CA6Z4&dib_tag=se&keywords=smartphones&qid=1743415557&sr=8-84
"Tecno Phantom V Fold 2 (Karst Green, 12GB+512GB) | Strongest Fold Ever | Largest Battery in Fold Segment-5750mAh | Segment Largest Display | Rear-Triple 50MP Camera with OIS, Wi-Fi | 70W Fast Charger",89999.0,3.6,https://www.amazon.in/Tecno-Phantom-Strongest-Segment-5750mAh-Rear-Triple/dp/B0DMFKJ99G/ref=sr_1_85?dib=eyJ2IjoiMSJ9.dW2TbqquQWQGXFVhV23ip1wZDIqP--daZjKSP3FizpBNJCt4qmnJw47jPt8RaspK_accWZIQDDbriKQbAJHXei5QINbR_ndqAEU2z7jH9BJ7Eaej1nfxzt9nIUGZIUjKhsTjRwdlLljL0NisVBNbolUu67439HfQweA2w527wkfmhuWFz2Dz8CPNIkqme7Ehitc7ntf2S0RUvBj66SvHVI6rELRW48vG_TKlnFE5Y3w.y1ae8UaDGRwztqDwQ3MMSER9-33yioTbT3Oqc4CA6Z4&dib_tag=se&keywords=smartphones&qid=1743415557&sr=8-85
"Samsung Galaxy M16 5G (Blush Pink, 6GB RAM, 128 GB Storage) | MediaTek Dimensity 6300| AnTuTu Score 422K+ | Super Amoled Display | 25W Fast Charging | 6 Gen. of OS Upgrades | Without Charger",12999.0,,https://www.amazon.in/Samsung-MediaTek-Dimensity-Charging-Upgrades/dp/B0DX791PX9/ref=sr_1_86?dib=eyJ2IjoiMSJ9.dW2TbqquQWQGXFVhV23ip1wZDIqP--daZjKSP3FizpBNJCt4qmnJw47jPt8RaspK_accWZIQDDbriKQbAJHXei5QINbR_ndqAEU2z7jH9BJ7Eaej1nfxzt9nIUGZIUjKhsTjRwdlLljL0NisVBNbolUu67439HfQweA2w527wkfmhuWFz2Dz8CPNIkqme7Ehitc7ntf2S0RUvBj66SvHVI6rELRW48vG_TKlnFE5Y3w.y1ae8UaDGRwztqDwQ3MMSER9-33yioTbT3Oqc4CA6Z4&dib_tag=se&keywords=smartphones&qid=1743415557&sr=8-86
"vivo T3 Pro 5G (Emerald Green, 8GB RAM+ 256GB Storage) | Snapdragon 7 Gen 3 Processor | 120Hz AMOLED Display | Dual Nano-SIM | 5500mAh Battery",24940.0,3.5,https://www.amazon.in/T3-Pro-Snapdragon-Processor-Nano-SIM/dp/B0DNK85GFL/ref=sr_1_87?dib=eyJ2IjoiMSJ9.dW2TbqquQWQGXFVhV23ip1wZDIqP--daZjKSP3FizpBNJCt4qmnJw47jPt8RaspK_accWZIQDDbriKQbAJHXei5QINbR_ndqAEU2z7jH9BJ7Eaej1nfxzt9nIUGZIUjKhsTjRwdlLljL0NisVBNbolUu67439HfQweA2w527wkfmhuWFz2Dz8CPNIkqme7Ehitc7ntf2S0RUvBj66SvHVI6rELRW48vG_TKlnFE5Y3w.y1ae8UaDGRwztqDwQ3MMSER9-33yioTbT3Oqc4CA6Z4&dib_tag=se&keywords=smartphones&qid=1743415557&sr=8-87
"iQOO Z9x 5G (Tornado Green, 6GB RAM, 128GB Storage) | Snapdragon 6 Gen 1 with 560k+ AnTuTu Score | 6000mAh Battery with 7.99mm Slim Design | 44W FlashCharge",12499.0,4.2,https://www.amazon.in/iQOO-Tornado-Storage-Snapdragon-FlashCharge/dp/B07WHQHNZC/ref=sr_1_88?dib=eyJ2IjoiMSJ9.dW2TbqquQWQGXFVhV23ip1wZDIqP--daZjKSP3FizpBNJCt4qmnJw47jPt8RaspK_accWZIQDDbriKQbAJHXei5QINbR_ndqAEU2z7jH9BJ7Eaej1nfxzt9nIUGZIUjKhsTjRwdlLljL0NisVBNbolUu67439HfQweA2w527wkfmhuWFz2Dz8CPNIkqme7Ehitc7ntf2S0RUvBj66SvHVI6rELRW48vG_TKlnFE5Y3w.y1ae8UaDGRwztqDwQ3MMSER9-33yioTbT3Oqc4CA6Z4&dib_tag=se&keywords=smartphones&qid=1743415557&sr=8-88
"realme GT 6T 5G (Miracle Purple,8GB RAM+256GB Storage) | India's 1st 7+ Gen 3 Flagship Chipset | 1.5M + AnTuTu Score | 5500mAh+120W | The World's Brightest Flagship Display",28998.0,4.3,https://www.amazon.in/realme-Miracle-Storage-Flagship-Brightest/dp/B0D8JM6BHN/ref=sr_1_89?dib=eyJ2IjoiMSJ9.dW2TbqquQWQGXFVhV23ip1wZDIqP--daZjKSP3FizpBNJCt4qmnJw47jPt8RaspK_accWZIQDDbriKQbAJHXei5QINbR_ndqAEU2z7jH9BJ7Eaej1nfxzt9nIUGZIUjKhsTjRwdlLljL0NisVBNbolUu67439HfQweA2w527wkfmhuWFz2Dz8CPNIkqme7Ehitc7ntf2S0RUvBj66SvHVI6rELRW48vG_TKlnFE5Y3w.y1ae8UaDGRwztqDwQ3MMSER9-33yioTbT3Oqc4CA6Z4&dib_tag=se&keywords=smartphones&qid=1743415557&sr=8-89
"realme NARZO 70 Turbo 5G (Turbo Purple,12GB RAM, 256GB Storage) | Segment's Fastest Dimensity 7300 Energy 5G Chipset | Motorsports Inspired Design",20998.0,4.2,https://www.amazon.in/realme-Segments-Dimensity-Motorsports-Inspired/dp/B0DDTZTVG9/ref=sr_1_90?dib=eyJ2IjoiMSJ9.dW2TbqquQWQGXFVhV23ip1wZDIqP--daZjKSP3FizpBNJCt4qmnJw47jPt8RaspK_accWZIQDDbriKQbAJHXei5QINbR_ndqAEU2z7jH9BJ7Eaej1nfxzt9nIUGZIUjKhsTjRwdlLljL0NisVBNbolUu67439HfQweA2w527wkfmhuWFz2Dz8CPNIkqme7Ehitc7ntf2S0RUvBj66SvHVI6rELRW48vG_TKlnFE5Y3w.y1ae8UaDGRwztqDwQ3MMSER9-33yioTbT3Oqc4CA6Z4&dib_tag=se&keywords=smartphones&qid=1743415557&sr=8-90
"Samsung Galaxy A26 5G (Awesome Mint, 8GB, 256GB) | Awesome Intelligence - AI Smartphone: Circle to Search, My Filter, Object Eraser | 50MP Triple Camera | IP67",27999.0,4.0,https://www.amazon.in/Samsung-Galaxy-Awesome-256GB-Intelligence/dp/B0DYDQ3SMM/ref=sr_1_93?dib=eyJ2IjoiMSJ9.dW2TbqquQWQGXFVhV23ip1wZDIqP--daZjKSP3FizpBNJCt4qmnJw47jPt8RaspK_accWZIQDDbriKQbAJHXei5QINbR_ndqAEU2z7jH9BJ7Eaej1nfxzt9nIUGZIUjKhsTjRwdlLljL0NisVBNbolUu67439HfQweA2w527wkfmhuWFz2Dz8CPNIkqme7Ehitc7ntf2S0RUvBj66SvHVI6rELRW48vG_TKlnFE5Y3w.y1ae8UaDGRwztqDwQ3MMSER9-33yioTbT3Oqc4CA6Z4&dib_tag=se&keywords=smartphones&qid=1743415557&sr=8-93
"Vivo Y29 5G (Glacier Blue, 6GB RAM, 128GB Storage) with No Cost EMI/Additional Exchange Offers",15499.0,3.9,https://www.amazon.in/Y29-Glacier-Storage-Additional-Exchange/dp/B07WGPJWQL/ref=sr_1_94?dib=eyJ2IjoiMSJ9.dW2TbqquQWQGXFVhV23ip1wZDIqP--daZjKSP3FizpBNJCt4qmnJw47jPt8RaspK_accWZIQDDbriKQbAJHXei5QINbR_ndqAEU2z7jH9BJ7Eaej1nfxzt9nIUGZIUjKhsTjRwdlLljL0NisVBNbolUu67439HfQweA2w527wkfmhuWFz2Dz8CPNIkqme7Ehitc7ntf2S0RUvBj66SvHVI6rELRW48vG_TKlnFE5Y3w.y1ae8UaDGRwztqDwQ3MMSER9-33yioTbT3Oqc4CA6Z4&dib_tag=se&keywords=smartphones&qid=1743415557&sr=8-94
"Redmi A3X (Midnight Black, 64 GB) (4 GB RAM)",7590.0,4.0,https://www.amazon.in/Redmi-A3X-Midnight-Black-RAM/dp/B0DN1XC123/ref=sr_1_95?dib=eyJ2IjoiMSJ9.dW2TbqquQWQGXFVhV23ip1wZDIqP--daZjKSP3FizpBNJCt4qmnJw47jPt8RaspK_accWZIQDDbriKQbAJHXei5QINbR_ndqAEU2z7jH9BJ7Eaej1nfxzt9nIUGZIUjKhsTjRwdlLljL0NisVBNbolUu67439HfQweA2w527wkfmhuWFz2Dz8CPNIkqme7Ehitc7ntf2S0RUvBj66SvHVI6rELRW48vG_TKlnFE5Y3w.y1ae8UaDGRwztqDwQ3MMSER9-33yioTbT3Oqc4CA6Z4&dib_tag=se&keywords=smartphones&qid=1743415557&sr=8-95
"Samsung Galaxy M06 5G (Sage Green, 4GB RAM, 128 GB Storage) | MediaTek Dimensity 6300 | AnTuTu Score 422K+ | 12 5G Bands| 25W Fast Charging | 4 Gen. of OS Upgrades | Without Charger",9199.0,,https://www.amazon.in/Samsung-MediaTek-Dimensity-Charging-Upgrades/dp/B0DX6P3RX9/ref=sr_1_96?dib=eyJ2IjoiMSJ9.dW2TbqquQWQGXFVhV23ip1wZDIqP--daZjKSP3FizpBNJCt4qmnJw47jPt8RaspK_accWZIQDDbriKQbAJHXei5QINbR_ndqAEU2z7jH9BJ7Eaej1nfxzt9nIUGZIUjKhsTjRwdlLljL0NisVBNbolUu67439HfQweA2w527wkfmhuWFz2Dz8CPNIkqme7Ehitc7ntf2S0RUvBj66SvHVI6rELRW48vG_TKlnFE5Y3w.y1ae8UaDGRwztqDwQ3MMSER9-33yioTbT3Oqc4CA6Z4&dib_tag=se&keywords=smartphones&qid=1743415557&sr=8-96
"iQOO Z9s 5G (Titanium Matte, 8GB RAM, 128GB Storage) | 120 Hz 3D Curved AMOLED Display | 5500 mAh Ultra-Thin Battery | Dimesity 7300 5G Processor | Sony IMX882 OIS Camera with Aura Light",19999.0,4.3,https://www.amazon.in/iQOO-Titanium-Ultra-Thin-Dimesity-Processor/dp/B07WHS99FG/ref=sr_1_97?dib=eyJ2IjoiMSJ9.dW2TbqquQWQGXFVhV23ip1wZDIqP--daZjKSP3FizpBNJCt4qmnJw47jPt8RaspK_accWZIQDDbriKQbAJHXei5QINbR_ndqAEU2z7jH9BJ7Eaej1nfxzt9nIUGZIUjKhsTjRwdlLljL0NisVBNbolUu67439HfQweA2w527wkfmhuWFz2Dz8CPNIkqme7Ehitc7ntf2S0RUvBj66SvHVI6rELRW48vG_TKlnFE5Y3w.y1ae8UaDGRwztqDwQ3MMSER9-33yioTbT3Oqc4CA6Z4&dib_tag=se&keywords=smartphones&qid=1743415557&sr=8-97
"Redmi A3X (Starry White, 3GB RAM, 64GB Storage) | Premium Halo Design | 90Hz Display | Powerful Octa Core Processor",6199.0,3.9,https://www.amazon.in/Redmi-Storage-Premium-Powerful-Processor/dp/B0D78WZHRT/ref=sr_1_98?dib=eyJ2IjoiMSJ9.dW2TbqquQWQGXFVhV23ip1wZDIqP--daZjKSP3FizpBNJCt4qmnJw47jPt8RaspK_accWZIQDDbriKQbAJHXei5QINbR_ndqAEU2z7jH9BJ7Eaej1nfxzt9nIUGZIUjKhsTjRwdlLljL0NisVBNbolUu67439HfQweA2w527wkfmhuWFz2Dz8CPNIkqme7Ehitc7ntf2S0RUvBj66SvHVI6rELRW48vG_TKlnFE5Y3w.y1ae8UaDGRwztqDwQ3MMSER9-33yioTbT3Oqc4CA6Z4&dib_tag=se&keywords=smartphones&qid=1743415557&sr=8-98
"Samsung Galaxy A56 5G (Awesome Olive, 8GB, 256GB) | Awesome Intelligence - AI Smartphone: Best Face, Instant Slo-mo, Circle to Search | 6 OS & 6 Years Security Updates",41999.0,2.5,https://www.amazon.in/Samsung-Galaxy-Awesome-Olive-Intelligence/dp/B0DYDQ849T/ref=sr_1_99?dib=eyJ2IjoiMSJ9.dW2TbqquQWQGXFVhV23ip1wZDIqP--daZjKSP3FizpBNJCt4qmnJw47jPt8RaspK_accWZIQDDbriKQbAJHXei5QINbR_ndqAEU2z7jH9BJ7Eaej1nfxzt9nIUGZIUjKhsTjRwdlLljL0NisVBNbolUu67439HfQweA2w527wkfmhuWFz2Dz8CPNIkqme7Ehitc7ntf2S0RUvBj66SvHVI6rELRW48vG_TKlnFE5Y3w.y1ae8UaDGRwztqDwQ3MMSER9-33yioTbT3Oqc4CA6Z4&dib_tag=se&keywords=smartphones&qid=1743415557&sr=8-99
"Motorola G64 5G (Ice Lilac, 12GB RAM, 256GB Storage) | Expandable Upto 2TB | Upto 24GB RAM with RAM Boost | 50MP (OIS) + 8MP | 16MP Front Camera | MediaTek Dimensity 7025 Processor | 6000 mAh Battery",16485.0,4.0,https://www.amazon.in/Motorola-Expandable-MediaTek-Dimensity-Processor/dp/B0D3BJ3719/ref=sr_1_100?dib=eyJ2IjoiMSJ9.dW2TbqquQWQGXFVhV23ip1wZDIqP--daZjKSP3FizpBNJCt4qmnJw47jPt8RaspK_accWZIQDDbriKQbAJHXei5QINbR_ndqAEU2z7jH9BJ7Eaej1nfxzt9nIUGZIUjKhsTjRwdlLljL0NisVBNbolUu67439HfQweA2w527wkfmhuWFz2Dz8CPNIkqme7Ehitc7ntf2S0RUvBj66SvHVI6rELRW48vG_TKlnFE5Y3w.y1ae8UaDGRwztqDwQ3MMSER9-33yioTbT3Oqc4CA6Z4&dib_tag=se&keywords=smartphones&qid=1743415557&sr=8-100
"Samsung Galaxy M16 5G (Mint Green, 6GB RAM, 128 GB Storage) | MediaTek Dimensity 6300 | AnTuTu Score 422K+ | Super Amoled Display | 25W Fast Charging | 6 Gen. of OS Upgrades | Without Charger",12999.0,,https://www.amazon.in/Samsung-MediaTek-Dimensity-Charging-Upgrades/dp/B0DX798LW2/ref=sr_1_99?dib=eyJ2IjoiMSJ9.QQYs2SajhFrDWqBXKK3l2Y8dyhQuSulU3X9eRT1u5D6r0DK8s8WPPkzIa6BihBgOuObrSj5ZTeIw2-YHsfrnl2DRZAee87mbhq3qgDonUl7xd2d5Wo0wS_pOa4zxeb_vVfR8ZtP6mIOGfG8DTOTv_nriLAbjlNAPfFP-pACq6dwAYOWkuAqd957JX47eRF8sCtdh6Z6f_jEn08MxGwYL2jysu2NDZw8B759VJ3BDwnA.iPvtL7YVHybaw8wmOFuCRl0qMfEhsbQlUBA7VompHUE&dib_tag=se&keywords=smartphones&qid=1743415562&sr=8-99
"Vivo T3x 5G (Celestial Green, 128 GB) (6 GB RAM)",14330.0,4.2,https://www.amazon.in/Vivo-T3x-Celestial-Green-128/dp/B07WDKKJWK/ref=sr_1_100?dib=eyJ2IjoiMSJ9.QQYs2SajhFrDWqBXKK3l2Y8dyhQuSulU3X9eRT1u5D6r0DK8s8WPPkzIa6BihBgOuObrSj5ZTeIw2-YHsfrnl2DRZAee87mbhq3qgDonUl7xd2d5Wo0wS_pOa4zxeb_vVfR8ZtP6mIOGfG8DTOTv_nriLAbjlNAPfFP-pACq6dwAYOWkuAqd957JX47eRF8sCtdh6Z6f_jEn08MxGwYL2jysu2NDZw8B759VJ3BDwnA.iPvtL7YVHybaw8wmOFuCRl0qMfEhsbQlUBA7VompHUE&dib_tag=se&keywords=smartphones&qid=1743415562&sr=8-100
"iQOO Z9s 5G (Onyx Green, 8GB RAM, 256GB Storage) | 120 Hz 3D Curved AMOLED Display | 5500 mAh Ultra-Thin Battery | Dimesity 7300 5G Processor | Sony IMX882 OIS Camera with Aura Light",21999.0,4.3,https://www.amazon.in/iQOO-Storage-Ultra-Thin-Dimesity-Processor/dp/B07WHS35V6/ref=sr_1_101?dib=eyJ2IjoiMSJ9.QQYs2SajhFrDWqBXKK3l2Y8dyhQuSulU3X9eRT1u5D6r0DK8s8WPPkzIa6BihBgOuObrSj5ZTeIw2-YHsfrnl2DRZAee87mbhq3qgDonUl7xd2d5Wo0wS_pOa4zxeb_vVfR8ZtP6mIOGfG8DTOTv_nriLAbjlNAPfFP-pACq6dwAYOWkuAqd957JX47eRF8sCtdh6Z6f_jEn08MxGwYL2jysu2NDZw8B759VJ3BDwnA.iPvtL7YVHybaw8wmOFuCRl0qMfEhsbQlUBA7VompHUE&dib_tag=se&keywords=smartphones&qid=1743415562&sr=8-101
"realme GT 6T 5G (Fluid Silver,8GB RAM+256GB Storage) | India's 1st 7+ Gen 3 Flagship Chipset | 1.5M + AnTuTu Score | 5500mAh+120W | The World's Brightest Flagship Display",28998.0,4.3,https://www.amazon.in/realme-Storage-Flagship-Chipset-Brightest/dp/B0D3J9FN5C/ref=sr_1_102?dib=eyJ2IjoiMSJ9.QQYs2SajhFrDWqBXKK3l2Y8dyhQuSulU3X9eRT1u5D6r0DK8s8WPPkzIa6BihBgOuObrSj5ZTeIw2-YHsfrnl2DRZAee87mbhq3qgDonUl7xd2d5Wo0wS_pOa4zxeb_vVfR8ZtP6mIOGfG8DTOTv_nriLAbjlNAPfFP-pACq6dwAYOWkuAqd957JX47eRF8sCtdh6Z6f_jEn08MxGwYL2jysu2NDZw8B759VJ3BDwnA.iPvtL7YVHybaw8wmOFuCRl0qMfEhsbQlUBA7VompHUE&dib_tag=se&keywords=smartphones&qid=1743415562&sr=8-102
"iQOO Z7 Pro 5G (Blue Lagoon, 8GB RAM, 128GB Storage) | 3D Curved AMOLED Display | 4nm MediaTek Dimesity 7200 5G Processor | 64MP Aura Light OIS Camera | Segment's Slimmest & Lightest Smartphone",18499.0,4.4,https://www.amazon.in/iQOO-MediaTek-Dimesity-Processor-Smartphone/dp/B07WGPKLFL/ref=sr_1_103?dib=eyJ2IjoiMSJ9.QQYs2SajhFrDWqBXKK3l2Y8dyhQuSulU3X9eRT1u5D6r0DK8s8WPPkzIa6BihBgOuObrSj5ZTeIw2-YHsfrnl2DRZAee87mbhq3qgDonUl7xd2d5Wo0wS_pOa4zxeb_vVfR8ZtP6mIOGfG8DTOTv_nriLAbjlNAPfFP-pACq6dwAYOWkuAqd957JX47eRF8sCtdh6Z6f_jEn08MxGwYL2jysu2NDZw8B759VJ3BDwnA.iPvtL7YVHybaw8wmOFuCRl0qMfEhsbQlUBA7VompHUE&dib_tag=se&keywords=smartphones&qid=1743415562&sr=8-103
"Samsung Galaxy S24 Ultra 5G AI Smartphone (Titanium Gray, 12GB, 256GB Storage)",91800.0,4.0,https://www.amazon.in/Samsung-Galaxy-Smartphone-Titanium-Storage/dp/B0CS5XW6TN/ref=sr_1_104?dib=eyJ2IjoiMSJ9.QQYs2SajhFrDWqBXKK3l2Y8dyhQuSulU3X9eRT1u5D6r0DK8s8WPPkzIa6BihBgOuObrSj5ZTeIw2-YHsfrnl2DRZAee87mbhq3qgDonUl7xd2d5Wo0wS_pOa4zxeb_vVfR8ZtP6mIOGfG8DTOTv_nriLAbjlNAPfFP-pACq6dwAYOWkuAqd957JX47eRF8sCtdh6Z6f_jEn08MxGwYL2jysu2NDZw8B759VJ3BDwnA.iPvtL7YVHybaw8wmOFuCRl0qMfEhsbQlUBA7VompHUE&dib_tag=se&keywords=smartphones&qid=1743415562&sr=8-104
"Samsung Galaxy M14 4G (Sapphire Blue,4GB,64GB) | 50MP Triple Cam | 5000mAh Battery | Snapdragon 680 Processor | 2 Gen. OS Upgrade & 4 Year Security Update | 8GB RAM with RAM Plus | Without Charger",8989.0,4.0,https://www.amazon.in/Samsung-Sapphire-Snapdragon-Processor-Security/dp/B0CV7KZLL4/ref=sr_1_105?dib=eyJ2IjoiMSJ9.QQYs2SajhFrDWqBXKK3l2Y8dyhQuSulU3X9eRT1u5D6r0DK8s8WPPkzIa6BihBgOuObrSj5ZTeIw2-YHsfrnl2DRZAee87mbhq3qgDonUl7xd2d5Wo0wS_pOa4zxeb_vVfR8ZtP6mIOGfG8DTOTv_nriLAbjlNAPfFP-pACq6dwAYOWkuAqd957JX47eRF8sCtdh6Z6f_jEn08MxGwYL2jysu2NDZw8B759VJ3BDwnA.iPvtL7YVHybaw8wmOFuCRl0qMfEhsbQlUBA7VompHUE&dib_tag=se&keywords=smartphones&qid=1743415562&sr=8-105
"Samsung Galaxy M16 5G (Mint Green, 4GB RAM, 128 GB Storage) | MediaTek Dimensity 6300 | AnTuTu Score 422K+ | Super Amoled Display | 25W Fast Charging | 6 Gen. of OS Upgrades | Without Charger",11499.0,,https://www.amazon.in/Samsung-MediaTek-Dimensity-Charging-Upgrades/dp/B0DX6QQMGK/ref=sr_1_106?dib=eyJ2IjoiMSJ9.QQYs2SajhFrDWqBXKK3l2Y8dyhQuSulU3X9eRT1u5D6r0DK8s8WPPkzIa6BihBgOuObrSj5ZTeIw2-YHsfrnl2DRZAee87mbhq3qgDonUl7xd2d5Wo0wS_pOa4zxeb_vVfR8ZtP6mIOGfG8DTOTv_nriLAbjlNAPfFP-pACq6dwAYOWkuAqd957JX47eRF8sCtdh6Z6f_jEn08MxGwYL2jysu2NDZw8B759VJ3BDwnA.iPvtL7YVHybaw8wmOFuCRl0qMfEhsbQlUBA7VompHUE&dib_tag=se&keywords=smartphones&qid=1743415562&sr=8-106
"Samsung Galaxy M06 5G (Blazing Black, 4GB RAM, 128 GB Storage) | MediaTek Dimensity 6300 | AnTuTu Score 422K+ | 12 5G Bands | 25W Fast Charging | 4 Gen. of OS Upgrades | Without Charger",9199.0,,https://www.amazon.in/Samsung-MediaTek-Dimensity-Charging-Upgrades/dp/B0DX6S111L/ref=sr_1_109?dib=eyJ2IjoiMSJ9.QQYs2SajhFrDWqBXKK3l2Y8dyhQuSulU3X9eRT1u5D6r0DK8s8WPPkzIa6BihBgOuObrSj5ZTeIw2-YHsfrnl2DRZAee87mbhq3qgDonUl7xd2d5Wo0wS_pOa4zxeb_vVfR8ZtP6mIOGfG8DTOTv_nriLAbjlNAPfFP-pACq6dwAYOWkuAqd957JX47eRF8sCtdh6Z6f_jEn08MxGwYL2jysu2NDZw8B759VJ3BDwnA.iPvtL7YVHybaw8wmOFuCRl0qMfEhsbQlUBA7VompHUE&dib_tag=se&keywords=smartphones&qid=1743415562&sr=8-109
"Samsung Galaxy A35 5G (Awesome Navy, 8GB RAM, 128GB Storage) with Other Offers",24995.0,4.0,https://www.amazon.in/samsung-Galaxy-Awesome-Storage-Without/dp/B0CXMD9YX5/ref=sr_1_110?dib=eyJ2IjoiMSJ9.QQYs2SajhFrDWqBXKK3l2Y8dyhQuSulU3X9eRT1u5D6r0DK8s8WPPkzIa6BihBgOuObrSj5ZTeIw2-YHsfrnl2DRZAee87mbhq3qgDonUl7xd2d5Wo0wS_pOa4zxeb_vVfR8ZtP6mIOGfG8DTOTv_nriLAbjlNAPfFP-pACq6dwAYOWkuAqd957JX47eRF8sCtdh6Z6f_jEn08MxGwYL2jysu2NDZw8B759VJ3BDwnA.iPvtL7YVHybaw8wmOFuCRl0qMfEhsbQlUBA7VompHUE&dib_tag=se&keywords=smartphones&qid=1743415562&sr=8-110
"Lava Storm 5G (Thunder Black, 8GB RAM, 128GB ROM) | Powerful MediaTek Dimensity 6080 Processor | 50MP Ultrawide Rear+16MP Front Camera |No Bloatware | Segment's Most Affordable 5G Smartphone on Amazon",10999.0,3.9,https://www.amazon.in/Lava-MediaTek-Dimensity-Processor-Ultrawide/dp/B0CHM745CT/ref=sr_1_111?dib=eyJ2IjoiMSJ9.QQYs2SajhFrDWqBXKK3l2Y8dyhQuSulU3X9eRT1u5D6r0DK8s8WPPkzIa6BihBgOuObrSj5ZTeIw2-YHsfrnl2DRZAee87mbhq3qgDonUl7xd2d5Wo0wS_pOa4zxeb_vVfR8ZtP6mIOGfG8DTOTv_nriLAbjlNAPfFP-pACq6dwAYOWkuAqd957JX47eRF8sCtdh6Z6f_jEn08MxGwYL2jysu2NDZw8B759VJ3BDwnA.iPvtL7YVHybaw8wmOFuCRl0qMfEhsbQlUBA7VompHUE&dib_tag=se&keywords=smartphones&qid=1743415562&sr=8-111
"OnePlus Nord CE4 Lite 5G (Super Silver, 8GB RAM, 256GB Storage)",20998.0,4.1,https://www.amazon.in/OnePlus-Nord-5G-Silver-Storage/dp/B0D5YD7QSS/ref=sr_1_112?dib=eyJ2IjoiMSJ9.QQYs2SajhFrDWqBXKK3l2Y8dyhQuSulU3X9eRT1u5D6r0DK8s8WPPkzIa6BihBgOuObrSj5ZTeIw2-YHsfrnl2DRZAee87mbhq3qgDonUl7xd2d5Wo0wS_pOa4zxeb_vVfR8ZtP6mIOGfG8DTOTv_nriLAbjlNAPfFP-pACq6dwAYOWkuAqd957JX47eRF8sCtdh6Z6f_jEn08MxGwYL2jysu2NDZw8B759VJ3BDwnA.iPvtL7YVHybaw8wmOFuCRl0qMfEhsbQlUBA7VompHUE&dib_tag=se&keywords=smartphones&qid=1743415562&sr=8-112
"OnePlus Nord CE4 Lite 5G (Mega Blue, 8GB RAM, 256GB Storage)",20998.0,4.1,https://www.amazon.in/OnePlus-Nord-Lite-256GB-Storage/dp/B0D5YF238N/ref=sr_1_113?dib=eyJ2IjoiMSJ9.QQYs2SajhFrDWqBXKK3l2Y8dyhQuSulU3X9eRT1u5D6r0DK8s8WPPkzIa6BihBgOuObrSj5ZTeIw2-YHsfrnl2DRZAee87mbhq3qgDonUl7xd2d5Wo0wS_pOa4zxeb_vVfR8ZtP6mIOGfG8DTOTv_nriLAbjlNAPfFP-pACq6dwAYOWkuAqd957JX47eRF8sCtdh6Z6f_jEn08MxGwYL2jysu2NDZw8B759VJ3BDwnA.iPvtL7YVHybaw8wmOFuCRl0qMfEhsbQlUBA7VompHUE&dib_tag=se&keywords=smartphones&qid=1743415562&sr=8-113
"Samsung Galaxy A26 5G (Awesome Mint, 8GB, 128GB) | Awesome Intelligence - AI Smartphone: Circle to Search, My Filter, Object Eraser | 50MP Triple Camera | IP67",24999.0,4.0,https://www.amazon.in/Samsung-Galaxy-Awesome-128GB-Intelligence/dp/B0DYDMKM5X/ref=sr_1_114?dib=eyJ2IjoiMSJ9.QQYs2SajhFrDWqBXKK3l2Y8dyhQuSulU3X9eRT1u5D6r0DK8s8WPPkzIa6BihBgOuObrSj5ZTeIw2-YHsfrnl2DRZAee87mbhq3qgDonUl7xd2d5Wo0wS_pOa4zxeb_vVfR8ZtP6mIOGfG8DTOTv_nriLAbjlNAPfFP-pACq6dwAYOWkuAqd957JX47eRF8sCtdh6Z6f_jEn08MxGwYL2jysu2NDZw8B759VJ3BDwnA.iPvtL7YVHybaw8wmOFuCRl0qMfEhsbQlUBA7VompHUE&dib_tag=se&keywords=smartphones&qid=1743415562&sr=8-114
"Redmi New 3 (Light Blue, 2GB RAM, 32GB Storage)",6890.0,4.0,https://www.amazon.in/Redmi-Storage-Segment-5000mAh-Battery/dp/B0BBN4DZBD/ref=sr_1_115?dib=eyJ2IjoiMSJ9.QQYs2SajhFrDWqBXKK3l2Y8dyhQuSulU3X9eRT1u5D6r0DK8s8WPPkzIa6BihBgOuObrSj5ZTeIw2-YHsfrnl2DRZAee87mbhq3qgDonUl7xd2d5Wo0wS_pOa4zxeb_vVfR8ZtP6mIOGfG8DTOTv_nriLAbjlNAPfFP-pACq6dwAYOWkuAqd957JX47eRF8sCtdh6Z6f_jEn08MxGwYL2jysu2NDZw8B759VJ3BDwnA.iPvtL7YVHybaw8wmOFuCRl0qMfEhsbQlUBA7VompHUE&dib_tag=se&keywords=smartphones&qid=1743415562&sr=8-115
"Samsung Galaxy F15 5G (Groovy Violet, 6GB RAM, 128 GB Storage)",12215.0,4.0,https://www.amazon.in/Samsung-Galaxy-Groovy-Violet-Storage/dp/B0CY8DMQLW/ref=sr_1_116?dib=eyJ2IjoiMSJ9.QQYs2SajhFrDWqBXKK3l2Y8dyhQuSulU3X9eRT1u5D6r0DK8s8WPPkzIa6BihBgOuObrSj5ZTeIw2-YHsfrnl2DRZAee87mbhq3qgDonUl7xd2d5Wo0wS_pOa4zxeb_vVfR8ZtP6mIOGfG8DTOTv_nriLAbjlNAPfFP-pACq6dwAYOWkuAqd957JX47eRF8sCtdh6Z6f_jEn08MxGwYL2jysu2NDZw8B759VJ3BDwnA.iPvtL7YVHybaw8wmOFuCRl0qMfEhsbQlUBA7VompHUE&dib_tag=se&keywords=smartphones&qid=1743415562&sr=8-116
"vivo T3 Pro 5G (Emerald Green, 8GB RAM+ 128GB Storage) | Snapdragon 7 Gen 3 Processor | AMOLED Display | Dual Nano-SIM | 5500mAh Battery",23540.0,3.5,https://www.amazon.in/T3-Pro-Snapdragon-Processor-Nano-SIM/dp/B0DNK9B5MV/ref=sr_1_115?dib=eyJ2IjoiMSJ9.e80WsthAJsjG426rsBs8ggoe3cWajh_b8MfD7WmlkQqc-cRnWnSTm1T-NwIzID0kqagDjcN4k37lYC-BNSkTp81CNTA5jcnr3vGUH-K3SAJ3S6kk0dXWYDgtKo6H38Ws6zWxBaQ6hRdDrvo_U-w6LhGrQo2eeyKFFeBHw-NbiMPPt5z-A36PJZC9XgDa3h5HCKxo-xL-Notd3jHj6nRvIzfuaAHkQ90ksq_xFjB44aU.GAEl2r7wAavXqZk6rDCDdQZh6Q1LvTwUb8FmvmydIes&dib_tag=se&keywords=smartphones&qid=1743415566&sr=8-115
"OnePlus Nord 4 5G (Oasis Green, 8GB RAM, 256GB Storage)",28998.0,4.2,https://www.amazon.in/OnePlus-Oasis-Green-256GB-Storage/dp/B0D7VGZS69/ref=sr_1_116?dib=eyJ2IjoiMSJ9.e80WsthAJsjG426rsBs8ggoe3cWajh_b8MfD7WmlkQqc-cRnWnSTm1T-NwIzID0kqagDjcN4k37lYC-BNSkTp81CNTA5jcnr3vGUH-K3SAJ3S6kk0dXWYDgtKo6H38Ws6zWxBaQ6hRdDrvo_U-w6LhGrQo2eeyKFFeBHw-NbiMPPt5z-A36PJZC9XgDa3h5HCKxo-xL-Notd3jHj6nRvIzfuaAHkQ90ksq_xFjB44aU.GAEl2r7wAavXqZk6rDCDdQZh6Q1LvTwUb8FmvmydIes&dib_tag=se&keywords=smartphones&qid=1743415566&sr=8-116
"iQOO 13 5G (Legend, 16GB RAM, 512GB Storage)",59999.0,4.4,https://www.amazon.in/iQOO-Legend-16GB-512GB-Storage/dp/B07WDKLXFR/ref=sr_1_117?dib=eyJ2IjoiMSJ9.e80WsthAJsjG426rsBs8ggoe3cWajh_b8MfD7WmlkQqc-cRnWnSTm1T-NwIzID0kqagDjcN4k37lYC-BNSkTp81CNTA5jcnr3vGUH-K3SAJ3S6kk0dXWYDgtKo6H38Ws6zWxBaQ6hRdDrvo_U-w6LhGrQo2eeyKFFeBHw-NbiMPPt5z-A36PJZC9XgDa3h5HCKxo-xL-Notd3jHj6nRvIzfuaAHkQ90ksq_xFjB44aU.GAEl2r7wAavXqZk6rDCDdQZh6Q1LvTwUb8FmvmydIes&dib_tag=se&keywords=smartphones&qid=1743415566&sr=8-117
"Infinix Note 40X 5G, Lime Green (12GB, 256 GB)",14500.0,3.9,https://www.amazon.in/Infinix-Note-Lime-Green-12GB/dp/B0DK34WDDT/ref=sr_1_118?dib=eyJ2IjoiMSJ9.e80WsthAJsjG426rsBs8ggoe3cWajh_b8MfD7WmlkQqc-cRnWnSTm1T-NwIzID0kqagDjcN4k37lYC-BNSkTp81CNTA5jcnr3vGUH-K3SAJ3S6kk0dXWYDgtKo6H38Ws6zWxBaQ6hRdDrvo_U-w6LhGrQo2eeyKFFeBHw-NbiMPPt5z-A36PJZC9XgDa3h5HCKxo-xL-Notd3jHj6nRvIzfuaAHkQ90ksq_xFjB44aU.GAEl2r7wAavXqZk6rDCDdQZh6Q1LvTwUb8FmvmydIes&dib_tag=se&keywords=smartphones&qid=1743415566&sr=8-118
"Motorola G45 5G (Brilliant Green, 8GB RAM, 128GB Storage) | 6.5"" FHD+ Display | Snapdragon 6 Gen1 Processor | 50MP Camera | 16MP Front Camera | 5000mAh Battery | 33W Charging",11600.0,3.8,https://www.amazon.in/Motorola-Brilliant-Snapdragon-Processor-Charging/dp/B0DDYBQWLW/ref=sr_1_119?dib=eyJ2IjoiMSJ9.e80WsthAJsjG426rsBs8ggoe3cWajh_b8MfD7WmlkQqc-cRnWnSTm1T-NwIzID0kqagDjcN4k37lYC-BNSkTp81CNTA5jcnr3vGUH-K3SAJ3S6kk0dXWYDgtKo6H38Ws6zWxBaQ6hRdDrvo_U-w6LhGrQo2eeyKFFeBHw-NbiMPPt5z-A36PJZC9XgDa3h5HCKxo-xL-Notd3jHj6nRvIzfuaAHkQ90ksq_xFjB44aU.GAEl2r7wAavXqZk6rDCDdQZh6Q1LvTwUb8FmvmydIes&dib_tag=se&keywords=smartphones&qid=1743415566&sr=8-119
"HONOR X9b 5G (Midnight Black, 8GB + 256GB) | India's First Ultra-Bounce Anti-Drop Curved AMOLED Display | 5800mAh Battery | 108MP Primary Camera | Without Charger",19998.0,3.4,https://www.amazon.in/Midnight-Ultra-Bounce-Anti-Drop-Display-5800mAh/dp/B0CSDQ434W/ref=sr_1_120?dib=eyJ2IjoiMSJ9.e80WsthAJsjG426rsBs8ggoe3cWajh_b8MfD7WmlkQqc-cRnWnSTm1T-NwIzID0kqagDjcN4k37lYC-BNSkTp81CNTA5jcnr3vGUH-K3SAJ3S6kk0dXWYDgtKo6H38Ws6zWxBaQ6hRdDrvo_U-w6LhGrQo2eeyKFFeBHw-NbiMPPt5z-A36PJZC9XgDa3h5HCKxo-xL-Notd3jHj6nRvIzfuaAHkQ90ksq_xFjB44aU.GAEl2r7wAavXqZk6rDCDdQZh6Q1LvTwUb8FmvmydIes&dib_tag=se&keywords=smartphones&qid=1743415566&sr=8-120
"realme GT 6T (Miracle Purple,12GB RAM+256GB Storage) | India's 1st 7+ Gen 3 Flagship Chipset | 1.5M + AnTuTu Score | 5500mAh+120W | The World's Brightest Flagship Display",30998.0,4.3,https://www.amazon.in/realme-Miracle-Storage-Flagship-Brightest/dp/B0D8JM1G7Z/ref=sr_1_121?dib=eyJ2IjoiMSJ9.e80WsthAJsjG426rsBs8ggoe3cWajh_b8MfD7WmlkQqc-cRnWnSTm1T-NwIzID0kqagDjcN4k37lYC-BNSkTp81CNTA5jcnr3vGUH-K3SAJ3S6kk0dXWYDgtKo6H38Ws6zWxBaQ6hRdDrvo_U-w6LhGrQo2eeyKFFeBHw-NbiMPPt5z-A36PJZC9XgDa3h5HCKxo-xL-Notd3jHj6nRvIzfuaAHkQ90ksq_xFjB44aU.GAEl2r7wAavXqZk6rDCDdQZh6Q1LvTwUb8FmvmydIes&dib_tag=se&keywords=smartphones&qid=1743415566&sr=8-121
"Samsung Galaxy M16 5G (Mint Green, 6GB RAM, 128 GB Storage) | MediaTek Dimensity 6300 | AnTuTu Score 422K+ | Super Amoled Display | 25W Fast Charging | 6 Gen. of OS Upgrades | Without Charger",12999.0,,https://www.amazon.in/Samsung-MediaTek-Dimensity-Charging-Upgrades/dp/B0DX798LW2/ref=sr_1_122?dib=eyJ2IjoiMSJ9.e80WsthAJsjG426rsBs8ggoe3cWajh_b8MfD7WmlkQqc-cRnWnSTm1T-NwIzID0kqagDjcN4k37lYC-BNSkTp81CNTA5jcnr3vGUH-K3SAJ3S6kk0dXWYDgtKo6H38Ws6zWxBaQ6hRdDrvo_U-w6LhGrQo2eeyKFFeBHw-NbiMPPt5z-A36PJZC9XgDa3h5HCKxo-xL-Notd3jHj6nRvIzfuaAHkQ90ksq_xFjB44aU.GAEl2r7wAavXqZk6rDCDdQZh6Q1LvTwUb8FmvmydIes&dib_tag=se&keywords=smartphones&qid=1743415566&sr=8-122
"Redmi A3X (Midnight Black, 64 GB) (4 GB RAM)",7590.0,4.0,https://www.amazon.in/Redmi-A3X-Midnight-Black-RAM/dp/B0DN1XC123/ref=sr_1_125?dib=eyJ2IjoiMSJ9.e80WsthAJsjG426rsBs8ggoe3cWajh_b8MfD7WmlkQqc-cRnWnSTm1T-NwIzID0kqagDjcN4k37lYC-BNSkTp81CNTA5jcnr3vGUH-K3SAJ3S6kk0dXWYDgtKo6H38Ws6zWxBaQ6hRdDrvo_U-w6LhGrQo2eeyKFFeBHw-NbiMPPt5z-A36PJZC9XgDa3h5HCKxo-xL-Notd3jHj6nRvIzfuaAHkQ90ksq_xFjB44aU.GAEl2r7wAavXqZk6rDCDdQZh6Q1LvTwUb8FmvmydIes&dib_tag=se&keywords=smartphones&qid=1743415566&sr=8-125
"realme P1 5G (Phonix Red, 8GB RAM, 128GB Storage)",15899.0,4.0,https://www.amazon.in/realme-Phonix-Red-128GB-Storage/dp/B0D35T9HPY/ref=sr_1_126?dib=eyJ2IjoiMSJ9.e80WsthAJsjG426rsBs8ggoe3cWajh_b8MfD7WmlkQqc-cRnWnSTm1T-NwIzID0kqagDjcN4k37lYC-BNSkTp81CNTA5jcnr3vGUH-K3SAJ3S6kk0dXWYDgtKo6H38Ws6zWxBaQ6hRdDrvo_U-w6LhGrQo2eeyKFFeBHw-NbiMPPt5z-A36PJZC9XgDa3h5HCKxo-xL-Notd3jHj6nRvIzfuaAHkQ90ksq_xFjB44aU.GAEl2r7wAavXqZk6rDCDdQZh6Q1LvTwUb8FmvmydIes&dib_tag=se&keywords=smartphones&qid=1743415566&sr=8-126
"realme P1 5G (Peacock Green, 6GB RAM, 128GB Storage)",13599.0,4.1,https://www.amazon.in/realme-Peacock-Green-128GB-Storage/dp/B0D1VC4BM1/ref=sr_1_127?dib=eyJ2IjoiMSJ9.e80WsthAJsjG426rsBs8ggoe3cWajh_b8MfD7WmlkQqc-cRnWnSTm1T-NwIzID0kqagDjcN4k37lYC-BNSkTp81CNTA5jcnr3vGUH-K3SAJ3S6kk0dXWYDgtKo6H38Ws6zWxBaQ6hRdDrvo_U-w6LhGrQo2eeyKFFeBHw-NbiMPPt5z-A36PJZC9XgDa3h5HCKxo-xL-Notd3jHj6nRvIzfuaAHkQ90ksq_xFjB44aU.GAEl2r7wAavXqZk6rDCDdQZh6Q1LvTwUb8FmvmydIes&dib_tag=se&keywords=smartphones&qid=1743415566&sr=8-127
"OnePlus Nord CE4 Lite 5G (Mega Blue, 8GB RAM, 128GB Storage)",17998.0,4.1,https://www.amazon.in/OnePlus-Nord-Lite-128GB-Storage/dp/B0D5YFZ946/ref=sr_1_128?dib=eyJ2IjoiMSJ9.e80WsthAJsjG426rsBs8ggoe3cWajh_b8MfD7WmlkQqc-cRnWnSTm1T-NwIzID0kqagDjcN4k37lYC-BNSkTp81CNTA5jcnr3vGUH-K3SAJ3S6kk0dXWYDgtKo6H38Ws6zWxBaQ6hRdDrvo_U-w6LhGrQo2eeyKFFeBHw-NbiMPPt5z-A36PJZC9XgDa3h5HCKxo-xL-Notd3jHj6nRvIzfuaAHkQ90ksq_xFjB44aU.GAEl2r7wAavXqZk6rDCDdQZh6Q1LvTwUb8FmvmydIes&dib_tag=se&keywords=smartphones&qid=1743415566&sr=8-128
"Vivo Y29 5G (Glacier Blue, 6GB RAM, 128GB Storage) with No Cost EMI/Additional Exchange Offers",15499.0,3.9,https://www.amazon.in/Y29-Glacier-Storage-Additional-Exchange/dp/B07WGPJWQL/ref=sr_1_129?dib=eyJ2IjoiMSJ9.e80WsthAJsjG426rsBs8ggoe3cWajh_b8MfD7WmlkQqc-cRnWnSTm1T-NwIzID0kqagDjcN4k37lYC-BNSkTp81CNTA5jcnr3vGUH-K3SAJ3S6kk0dXWYDgtKo6H38Ws6zWxBaQ6hRdDrvo_U-w6LhGrQo2eeyKFFeBHw-NbiMPPt5z-A36PJZC9XgDa3h5HCKxo-xL-Notd3jHj6nRvIzfuaAHkQ90ksq_xFjB44aU.GAEl2r7wAavXqZk6rDCDdQZh6Q1LvTwUb8FmvmydIes&dib_tag=se&keywords=smartphones&qid=1743415566&sr=8-129
"Motorola Edge 50 Pro 5G with 125W Charger (Caneel Bay, 12GB RAM, 256GB Storage)",29758.0,4.0,https://www.amazon.in/Motorola-Edge-50-Pro-5G/dp/B0DJ7Y5T9G/ref=sr_1_130?dib=eyJ2IjoiMSJ9.e80WsthAJsjG426rsBs8ggoe3cWajh_b8MfD7WmlkQqc-cRnWnSTm1T-NwIzID0kqagDjcN4k37lYC-BNSkTp81CNTA5jcnr3vGUH-K3SAJ3S6kk0dXWYDgtKo6H38Ws6zWxBaQ6hRdDrvo_U-w6LhGrQo2eeyKFFeBHw-NbiMPPt5z-A36PJZC9XgDa3h5HCKxo-xL-Notd3jHj6nRvIzfuaAHkQ90ksq_xFjB44aU.GAEl2r7wAavXqZk6rDCDdQZh6Q1LvTwUb8FmvmydIes&dib_tag=se&keywords=smartphones&qid=1743415566&sr=8-130
"realme NARZO 70 Turbo 5G (Turbo Green,12GB RAM, 256GB Storage) | Dimensity 7300 Energy 5G Chipset is Fastest chipset in This Segment | Motorsports Inspired Design",20998.0,4.2,https://www.amazon.in/realme-Storage-Dimensity-Motorsports-Inspired/dp/B0DDTZZG2X/ref=sr_1_131?dib=eyJ2IjoiMSJ9.e80WsthAJsjG426rsBs8ggoe3cWajh_b8MfD7WmlkQqc-cRnWnSTm1T-NwIzID0kqagDjcN4k37lYC-BNSkTp81CNTA5jcnr3vGUH-K3SAJ3S6kk0dXWYDgtKo6H38Ws6zWxBaQ6hRdDrvo_U-w6LhGrQo2eeyKFFeBHw-NbiMPPt5z-A36PJZC9XgDa3h5HCKxo-xL-Notd3jHj6nRvIzfuaAHkQ90ksq_xFjB44aU.GAEl2r7wAavXqZk6rDCDdQZh6Q1LvTwUb8FmvmydIes&dib_tag=se&keywords=smartphones&qid=1743415566&sr=8-131
"realme NARZO 70 Turbo 5G (Turbo Purple,12GB RAM, 256GB Storage) | Segment's Fastest Dimensity 7300 Energy 5G Chipset | Motorsports Inspired Design",20998.0,4.2,https://www.amazon.in/realme-Segments-Dimensity-Motorsports-Inspired/dp/B0DDTZTVG9/ref=sr_1_132?dib=eyJ2IjoiMSJ9.e80WsthAJsjG426rsBs8ggoe3cWajh_b8MfD7WmlkQqc-cRnWnSTm1T-NwIzID0kqagDjcN4k37lYC-BNSkTp81CNTA5jcnr3vGUH-K3SAJ3S6kk0dXWYDgtKo6H38Ws6zWxBaQ6hRdDrvo_U-w6LhGrQo2eeyKFFeBHw-NbiMPPt5z-A36PJZC9XgDa3h5HCKxo-xL-Notd3jHj6nRvIzfuaAHkQ90ksq_xFjB44aU.GAEl2r7wAavXqZk6rDCDdQZh6Q1LvTwUb8FmvmydIes&dib_tag=se&keywords=smartphones&qid=1743415566&sr=8-132
"Samsung Galaxy A35 5G (Awesome Iceblue, 8GB RAM, 128GB Storage) with Other Offers",25699.0,4.0,https://www.amazon.in/samsung-Awesome-Iceblue-Storage-Without/dp/B0CXMCX9MD/ref=sr_1_131?dib=eyJ2IjoiMSJ9.wCQW0ZoguDKLqgB0ki_J45dUF_RmxzguGehFuZDb_G42AVlx70g35TmYiZf1YRitdIH6X9KGncdZq1wSXzxzSFbdq7TWor7VlYAASXeT45pFnzyVNl3_PpRrd0K7H6I-D2lwrKDUR2WHHm0gmB1F4a7bSBLxJ6Uko7ND5f14LvdAJVMn7ceebHhMPjPzVg1dI7qh0eG4_9bhqj7MpEt9AsTM_IhKGd2EUPc3sGIoeuU.vBIq9_qjBpcZ31opuslymPoLXPVZcY3ICHZyAAo4Nho&dib_tag=se&keywords=smartphones&qid=1743415571&sr=8-131
"Redmi 14C 5G (Stardust Purple, 6GB RAM, 128GB Storage) | Superfast 4nm Snapdragon 4 Gen 2 | 120Hz 17.47cm (6.88”) Display | 5160mAh Battery | 50MP Dual Camera | Premium Starlight Design",11999.0,3.8,https://www.amazon.in/Redmi-Stardust-Superfast-Snapdragon-Starlight/dp/B0DQV8FQBG/ref=sr_1_132?dib=eyJ2IjoiMSJ9.wCQW0ZoguDKLqgB0ki_J45dUF_RmxzguGehFuZDb_G42AVlx70g35TmYiZf1YRitdIH6X9KGncdZq1wSXzxzSFbdq7TWor7VlYAASXeT45pFnzyVNl3_PpRrd0K7H6I-D2lwrKDUR2WHHm0gmB1F4a7bSBLxJ6Uko7ND5f14LvdAJVMn7ceebHhMPjPzVg1dI7qh0eG4_9bhqj7MpEt9AsTM_IhKGd2EUPc3sGIoeuU.vBIq9_qjBpcZ31opuslymPoLXPVZcY3ICHZyAAo4Nho&dib_tag=se&keywords=smartphones&qid=1743415571&sr=8-132
Nokia G42 5G | Snapdragon® 480+ 5G | 50MP Triple AI Camera | 11GB RAM (6GB RAM + 5GB Virtual RAM) | 128GB Storage | 5000mAh Battery | 2 Years Android Upgrades | 20W Charger Included | So Grey,15990.0,3.8,https://www.amazon.in/Nokia-Snapdragon%C2%AE-Virtual-Upgrades-Included/dp/B0CDXHYHZ6/ref=sr_1_133?dib=eyJ2IjoiMSJ9.wCQW0ZoguDKLqgB0ki_J45dUF_RmxzguGehFuZDb_G42AVlx70g35TmYiZf1YRitdIH6X9KGncdZq1wSXzxzSFbdq7TWor7VlYAASXeT45pFnzyVNl3_PpRrd0K7H6I-D2lwrKDUR2WHHm0gmB1F4a7bSBLxJ6Uko7ND5f14LvdAJVMn7ceebHhMPjPzVg1dI7qh0eG4_9bhqj7MpEt9AsTM_IhKGd2EUPc3sGIoeuU.vBIq9_qjBpcZ31opuslymPoLXPVZcY3ICHZyAAo4Nho&dib_tag=se&keywords=smartphones&qid=1743415571&sr=8-133
"Redmi A3X (Ocean Green, 3GB RAM, 64GB Storage) | Premium Halo Design | 90Hz Display | Powerful Octa Core Processor",6199.0,3.9,https://www.amazon.in/Redmi-Storage-Premium-Powerful-Processor/dp/B0D78W21GC/ref=sr_1_134?dib=eyJ2IjoiMSJ9.wCQW0ZoguDKLqgB0ki_J45dUF_RmxzguGehFuZDb_G42AVlx70g35TmYiZf1YRitdIH6X9KGncdZq1wSXzxzSFbdq7TWor7VlYAASXeT45pFnzyVNl3_PpRrd0K7H6I-D2lwrKDUR2WHHm0gmB1F4a7bSBLxJ6Uko7ND5f14LvdAJVMn7ceebHhMPjPzVg1dI7qh0eG4_9bhqj7MpEt9AsTM_IhKGd2EUPc3sGIoeuU.vBIq9_qjBpcZ31opuslymPoLXPVZcY3ICHZyAAo4Nho&dib_tag=se&keywords=smartphones&qid=1743415571&sr=8-134
"Motorola G64 5G (Red Berry, 12GB RAM, 256GB Storage) | Expandable Upto 2TB | 50MP (OIS) + 8MP | 16MP Front Camera | MediaTek Dimensity 7025 Processor | 6000 mAh Battery",16394.0,3.9,https://www.amazon.in/Motorola-G64-Expandable-Dimensity-Processor/dp/B0DJ7Y929W/ref=sr_1_135?dib=eyJ2IjoiMSJ9.wCQW0ZoguDKLqgB0ki_J45dUF_RmxzguGehFuZDb_G42AVlx70g35TmYiZf1YRitdIH6X9KGncdZq1wSXzxzSFbdq7TWor7VlYAASXeT45pFnzyVNl3_PpRrd0K7H6I-D2lwrKDUR2WHHm0gmB1F4a7bSBLxJ6Uko7ND5f14LvdAJVMn7ceebHhMPjPzVg1dI7qh0eG4_9bhqj7MpEt9AsTM_IhKGd2EUPc3sGIoeuU.vBIq9_qjBpcZ31opuslymPoLXPVZcY3ICHZyAAo4Nho&dib_tag=se&keywords=smartphones&qid=1743415571&sr=8-135
"Samsung Galaxy M15 5G Prime Edition (Celestial Blue,6GB RAM,128GB Storage)| Super AMOLED Display| 50MP Triple Cam| 6000mAh Battery| MediaTek Dimensity 6100+| 4 Gen. OS Upgrade & 5 Year Security Update",12999.0,4.0,https://www.amazon.in/Samsung-Celestial-MediaTek-Dimensity-Security/dp/B0DGXB4SX1/ref=sr_1_136?dib=eyJ2IjoiMSJ9.wCQW0ZoguDKLqgB0ki_J45dUF_RmxzguGehFuZDb_G42AVlx70g35TmYiZf1YRitdIH6X9KGncdZq1wSXzxzSFbdq7TWor7VlYAASXeT45pFnzyVNl3_PpRrd0K7H6I-D2lwrKDUR2WHHm0gmB1F4a7bSBLxJ6Uko7ND5f14LvdAJVMn7ceebHhMPjPzVg1dI7qh0eG4_9bhqj7MpEt9AsTM_IhKGd2EUPc3sGIoeuU.vBIq9_qjBpcZ31opuslymPoLXPVZcY3ICHZyAAo4Nho&dib_tag=se&keywords=smartphones&qid=1743415571&sr=8-136
"realme NARZO 70x 5G (Ice Blue, 8GB RAM,128GB Storage)|120Hz Ultra Smooth Display|Dimensity 6100+ 6nm 5G|50MP AI Camera|45W Charger in The Box",12999.0,4.1,https://www.amazon.in/realme-Storage-Display-Dimensity-Charger/dp/B0D3WXQN8N/ref=sr_1_137?dib=eyJ2IjoiMSJ9.wCQW0ZoguDKLqgB0ki_J45dUF_RmxzguGehFuZDb_G42AVlx70g35TmYiZf1YRitdIH6X9KGncdZq1wSXzxzSFbdq7TWor7VlYAASXeT45pFnzyVNl3_PpRrd0K7H6I-D2lwrKDUR2WHHm0gmB1F4a7bSBLxJ6Uko7ND5f14LvdAJVMn7ceebHhMPjPzVg1dI7qh0eG4_9bhqj7MpEt9AsTM_IhKGd2EUPc3sGIoeuU.vBIq9_qjBpcZ31opuslymPoLXPVZcY3ICHZyAAo4Nho&dib_tag=se&keywords=smartphones&qid=1743415571&sr=8-137
"Vivo V50 5G (Starry Night, 12GB RAM, 512GB Storage) with No Cost EMI/Additional Exchange Offers",40999.0,4.2,https://www.amazon.in/V50-Starry-Storage-Additional-Exchange/dp/B0DTHV1R8C/ref=sr_1_138?dib=eyJ2IjoiMSJ9.wCQW0ZoguDKLqgB0ki_J45dUF_RmxzguGehFuZDb_G42AVlx70g35TmYiZf1YRitdIH6X9KGncdZq1wSXzxzSFbdq7TWor7VlYAASXeT45pFnzyVNl3_PpRrd0K7H6I-D2lwrKDUR2WHHm0gmB1F4a7bSBLxJ6Uko7ND5f14LvdAJVMn7ceebHhMPjPzVg1dI7qh0eG4_9bhqj7MpEt9AsTM_IhKGd2EUPc3sGIoeuU.vBIq9_qjBpcZ31opuslymPoLXPVZcY3ICHZyAAo4Nho&dib_tag=se&keywords=smartphones&qid=1743415571&sr=8-138
"realme 13 Pro 5G (Monet Gold,12GB+512GB)",24499.0,3.8,https://www.amazon.in/realme-Monet-Gold-12GB-512GB/dp/B0DBLX3377/ref=sr_1_141?dib=eyJ2IjoiMSJ9.wCQW0ZoguDKLqgB0ki_J45dUF_RmxzguGehFuZDb_G42AVlx70g35TmYiZf1YRitdIH6X9KGncdZq1wSXzxzSFbdq7TWor7VlYAASXeT45pFnzyVNl3_PpRrd0K7H6I-D2lwrKDUR2WHHm0gmB1F4a7bSBLxJ6Uko7ND5f14LvdAJVMn7ceebHhMPjPzVg1dI7qh0eG4_9bhqj7MpEt9AsTM_IhKGd2EUPc3sGIoeuU.vBIq9_qjBpcZ31opuslymPoLXPVZcY3ICHZyAAo4Nho&dib_tag=se&keywords=smartphones&qid=1743415571&sr=8-141
"Samsung Galaxy A56 5G (Awesome Olive, 12GB, 256GB) | Awesome Intelligence - AI Smartphone: Best Face, Instant Slo-mo, Circle to Search | 6 OS & 6 Years Security Updates",44999.0,2.5,https://www.amazon.in/Samsung-Galaxy-Awesome-Olive-Intelligence/dp/B0DYDQ7PDN/ref=sr_1_142?dib=eyJ2IjoiMSJ9.wCQW0ZoguDKLqgB0ki_J45dUF_RmxzguGehFuZDb_G42AVlx70g35TmYiZf1YRitdIH6X9KGncdZq1wSXzxzSFbdq7TWor7VlYAASXeT45pFnzyVNl3_PpRrd0K7H6I-D2lwrKDUR2WHHm0gmB1F4a7bSBLxJ6Uko7ND5f14LvdAJVMn7ceebHhMPjPzVg1dI7qh0eG4_9bhqj7MpEt9AsTM_IhKGd2EUPc3sGIoeuU.vBIq9_qjBpcZ31opuslymPoLXPVZcY3ICHZyAAo4Nho&dib_tag=se&keywords=smartphones&qid=1743415571&sr=8-142
"itel Color Pro 5G | Color Changing Back | 6GB RAM+128GB ROM, Upto 12GB RAM with Memory Fusion| | Dimensity 6080|50MP AI Dual Rear Camera| 5000mAh Battery with 18W Type-C Fast Charging|Lavander Fantasy",9799.0,4.2,https://www.amazon.in/Changing-Dimensity-5000mAh-Charging-Lavander/dp/B0D8417LHP/ref=sr_1_143?dib=eyJ2IjoiMSJ9.wCQW0ZoguDKLqgB0ki_J45dUF_RmxzguGehFuZDb_G42AVlx70g35TmYiZf1YRitdIH6X9KGncdZq1wSXzxzSFbdq7TWor7VlYAASXeT45pFnzyVNl3_PpRrd0K7H6I-D2lwrKDUR2WHHm0gmB1F4a7bSBLxJ6Uko7ND5f14LvdAJVMn7ceebHhMPjPzVg1dI7qh0eG4_9bhqj7MpEt9AsTM_IhKGd2EUPc3sGIoeuU.vBIq9_qjBpcZ31opuslymPoLXPVZcY3ICHZyAAo4Nho&dib_tag=se&keywords=smartphones&qid=1743415571&sr=8-143
"Redmi New 3 (Light Blue, 2GB RAM, 32GB Storage)",6890.0,4.0,https://www.amazon.in/Redmi-Storage-Segment-5000mAh-Battery/dp/B0BBN4DZBD/ref=sr_1_144?dib=eyJ2IjoiMSJ9.wCQW0ZoguDKLqgB0ki_J45dUF_RmxzguGehFuZDb_G42AVlx70g35TmYiZf1YRitdIH6X9KGncdZq1wSXzxzSFbdq7TWor7VlYAASXeT45pFnzyVNl3_PpRrd0K7H6I-D2lwrKDUR2WHHm0gmB1F4a7bSBLxJ6Uko7ND5f14LvdAJVMn7ceebHhMPjPzVg1dI7qh0eG4_9bhqj7MpEt9AsTM_IhKGd2EUPc3sGIoeuU.vBIq9_qjBpcZ31opuslymPoLXPVZcY3ICHZyAAo4Nho&dib_tag=se&keywords=smartphones&qid=1743415571&sr=8-144
"iQOO Z9 5G (Brushed Green, 8GB RAM, 256GB Storage) | Dimensity 7200 5G Processor | Sony IMX882 OIS Camera | 120Hz AMOLED with 1800 nits Local Peak Brightness | 44W Charger in The Box",17999.0,4.2,https://www.amazon.in/iQOO-Brushed-Dimensity-Processor-Brightness/dp/B07WHQMR25/ref=sr_1_145?dib=eyJ2IjoiMSJ9.wCQW0ZoguDKLqgB0ki_J45dUF_RmxzguGehFuZDb_G42AVlx70g35TmYiZf1YRitdIH6X9KGncdZq1wSXzxzSFbdq7TWor7VlYAASXeT45pFnzyVNl3_PpRrd0K7H6I-D2lwrKDUR2WHHm0gmB1F4a7bSBLxJ6Uko7ND5f14LvdAJVMn7ceebHhMPjPzVg1dI7qh0eG4_9bhqj7MpEt9AsTM_IhKGd2EUPc3sGIoeuU.vBIq9_qjBpcZ31opuslymPoLXPVZcY3ICHZyAAo4Nho&dib_tag=se&keywords=smartphones&qid=1743415571&sr=8-145
"HONOR X9b 5G (Midnight Black, 8GB + 256GB) | India's First Ultra-Bounce Anti-Drop Curved AMOLED Display | 5800mAh Battery | 108MP Primary Camera | Without Charger",19998.0,3.4,https://www.amazon.in/Midnight-Ultra-Bounce-Anti-Drop-Display-5800mAh/dp/B0CSDQ434W/ref=sr_1_146?dib=eyJ2IjoiMSJ9.wCQW0ZoguDKLqgB0ki_J45dUF_RmxzguGehFuZDb_G42AVlx70g35TmYiZf1YRitdIH6X9KGncdZq1wSXzxzSFbdq7TWor7VlYAASXeT45pFnzyVNl3_PpRrd0K7H6I-D2lwrKDUR2WHHm0gmB1F4a7bSBLxJ6Uko7ND5f14LvdAJVMn7ceebHhMPjPzVg1dI7qh0eG4_9bhqj7MpEt9AsTM_IhKGd2EUPc3sGIoeuU.vBIq9_qjBpcZ31opuslymPoLXPVZcY3ICHZyAAo4Nho&dib_tag=se&keywords=smartphones&qid=1743415571&sr=8-146
"(Refurbished) Redmi 7A (Matte Blue, 2GB RAM, 16GB Storage)",3999.0,3.0,https://www.amazon.in/Renewed-Redmi-Matte-Blue-Storage/dp/B07Z3XZHV9/ref=sr_1_147?dib=eyJ2IjoiMSJ9.wCQW0ZoguDKLqgB0ki_J45dUF_RmxzguGehFuZDb_G42AVlx70g35TmYiZf1YRitdIH6X9KGncdZq1wSXzxzSFbdq7TWor7VlYAASXeT45pFnzyVNl3_PpRrd0K7H6I-D2lwrKDUR2WHHm0gmB1F4a7bSBLxJ6Uko7ND5f14LvdAJVMn7ceebHhMPjPzVg1dI7qh0eG4_9bhqj7MpEt9AsTM_IhKGd2EUPc3sGIoeuU.vBIq9_qjBpcZ31opuslymPoLXPVZcY3ICHZyAAo4Nho&dib_tag=se&keywords=smartphones&qid=1743415571&sr=8-147
"Redmi 14C 5G (Starlight Blue, 6GB RAM, 128GB Storage) | Superfast 4nm Snapdragon 4 Gen 2 | 120Hz 17.47cm (6.88”) Display | 5160mAh Battery | 50MP Dual Camera | Premium Starlight Design",11999.0,3.8,https://www.amazon.in/Redmi-Starlight-Storage-Superfast-Snapdragon/dp/B0DQV9T66N/ref=sr_1_148?dib=eyJ2IjoiMSJ9.wCQW0ZoguDKLqgB0ki_J45dUF_RmxzguGehFuZDb_G42AVlx70g35TmYiZf1YRitdIH6X9KGncdZq1wSXzxzSFbdq7TWor7VlYAASXeT45pFnzyVNl3_PpRrd0K7H6I-D2lwrKDUR2WHHm0gmB1F4a7bSBLxJ6Uko7ND5f14LvdAJVMn7ceebHhMPjPzVg1dI7qh0eG4_9bhqj7MpEt9AsTM_IhKGd2EUPc3sGIoeuU.vBIq9_qjBpcZ31opuslymPoLXPVZcY3ICHZyAAo4Nho&dib_tag=se&keywords=smartphones&qid=1743415571&sr=8-148
"realme NARZO 70 Turbo 5G (Turbo Green,12GB RAM, 256GB Storage) | Dimensity 7300 Energy 5G Chipset is Fastest chipset in This Segment | Motorsports Inspired Design",20998.0,4.2,https://www.amazon.in/realme-Storage-Dimensity-Motorsports-Inspired/dp/B0DDTZZG2X/ref=sr_1_147?dib=eyJ2IjoiMSJ9.7e4sIUWxaHJUJe2gLY-Q_989rSIQJ1BdLIkli6YCyy7LLAwfQStFPvW17qauJltdm4XP5438WmXDoKr4907UmBH9sjQpqJbXo6RN0-DDSYRkgUvn_UMj5idbN1alKiUFEm-VE9B9tl-u957WlDBIoXLH6oKW-GYjTPlSp_R8DN2orYZ3muFjZEJ1H0Q6_EyveE_IIaoYyMDxiS6AieC_SFaG5wO2JsmvEbjwuAGO1mY.ibZMOY-UnO7ko7gZzrg70zO1lxS-piB6biuriU4bRjU&dib_tag=se&keywords=smartphones&qid=1743415576&sr=8-147
"realme GT 6T (Miracle Purple,12GB RAM+256GB Storage) | India's 1st 7+ Gen 3 Flagship Chipset | 1.5M + AnTuTu Score | 5500mAh+120W | The World's Brightest Flagship Display",30998.0,4.3,https://www.amazon.in/realme-Miracle-Storage-Flagship-Brightest/dp/B0D8JM1G7Z/ref=sr_1_148?dib=eyJ2IjoiMSJ9.7e4sIUWxaHJUJe2gLY-Q_989rSIQJ1BdLIkli6YCyy7LLAwfQStFPvW17qauJltdm4XP5438WmXDoKr4907UmBH9sjQpqJbXo6RN0-DDSYRkgUvn_UMj5idbN1alKiUFEm-VE9B9tl-u957WlDBIoXLH6oKW-GYjTPlSp_R8DN2orYZ3muFjZEJ1H0Q6_EyveE_IIaoYyMDxiS6AieC_SFaG5wO2JsmvEbjwuAGO1mY.ibZMOY-UnO7ko7gZzrg70zO1lxS-piB6biuriU4bRjU&dib_tag=se&keywords=smartphones&qid=1743415576&sr=8-148
"Samsung Galaxy M15 5G Prime Edition (Celestial Blue,8GB RAM,128GB Storage)| Super AMOLED Display| 50MP Triple Cam| 6000mAh Battery| MediaTek Dimensity 6100+| 4 Gen. OS Upgrade & 5 Year Security Update",14499.0,4.0,https://www.amazon.in/Samsung-Celestial-MediaTek-Dimensity-Security/dp/B0DGXB3KPQ/ref=sr_1_149?dib=eyJ2IjoiMSJ9.7e4sIUWxaHJUJe2gLY-Q_989rSIQJ1BdLIkli6YCyy7LLAwfQStFPvW17qauJltdm4XP5438WmXDoKr4907UmBH9sjQpqJbXo6RN0-DDSYRkgUvn_UMj5idbN1alKiUFEm-VE9B9tl-u957WlDBIoXLH6oKW-GYjTPlSp_R8DN2orYZ3muFjZEJ1H0Q6_EyveE_IIaoYyMDxiS6AieC_SFaG5wO2JsmvEbjwuAGO1mY.ibZMOY-UnO7ko7gZzrg70zO1lxS-piB6biuriU4bRjU&dib_tag=se&keywords=smartphones&qid=1743415576&sr=8-149
"realme P1 5G (Phonix Red, 6GB RAM, 128GB Storage)",13646.0,3.9,https://www.amazon.in/realme-Phonix-Red-128GB-Storage/dp/B0D1VDN8M9/ref=sr_1_150?dib=eyJ2IjoiMSJ9.7e4sIUWxaHJUJe2gLY-Q_989rSIQJ1BdLIkli6YCyy7LLAwfQStFPvW17qauJltdm4XP5438WmXDoKr4907UmBH9sjQpqJbXo6RN0-DDSYRkgUvn_UMj5idbN1alKiUFEm-VE9B9tl-u957WlDBIoXLH6oKW-GYjTPlSp_R8DN2orYZ3muFjZEJ1H0Q6_EyveE_IIaoYyMDxiS6AieC_SFaG5wO2JsmvEbjwuAGO1mY.ibZMOY-UnO7ko7gZzrg70zO1lxS-piB6biuriU4bRjU&dib_tag=se&keywords=smartphones&qid=1743415576&sr=8-150
"Samsung Galaxy A36 5G (Awesome White, 8GB, 256GB) | Awesome Intelligence - AI Smartphone: Circle to Search, My Filter, Object Eraser | 4nm Snapdragon Processor | Flagship Grade Selfie Camera",32999.0,3.3,https://www.amazon.in/Samsung-Galaxy-Awesome-White-Intelligence/dp/B0DYDQTMY5/ref=sr_1_151?dib=eyJ2IjoiMSJ9.7e4sIUWxaHJUJe2gLY-Q_989rSIQJ1BdLIkli6YCyy7LLAwfQStFPvW17qauJltdm4XP5438WmXDoKr4907UmBH9sjQpqJbXo6RN0-DDSYRkgUvn_UMj5idbN1alKiUFEm-VE9B9tl-u957WlDBIoXLH6oKW-GYjTPlSp_R8DN2orYZ3muFjZEJ1H0Q6_EyveE_IIaoYyMDxiS6AieC_SFaG5wO2JsmvEbjwuAGO1mY.ibZMOY-UnO7ko7gZzrg70zO1lxS-piB6biuriU4bRjU&dib_tag=se&keywords=smartphones&qid=1743415576&sr=8-151
"Vivo V50 5G (Starry Night, 12GB RAM, 512GB Storage) with No Cost EMI/Additional Exchange Offers",40999.0,4.2,https://www.amazon.in/V50-Starry-Storage-Additional-Exchange/dp/B0DTHV1R8C/ref=sr_1_152?dib=eyJ2IjoiMSJ9.7e4sIUWxaHJUJe2gLY-Q_989rSIQJ1BdLIkli6YCyy7LLAwfQStFPvW17qauJltdm4XP5438WmXDoKr4907UmBH9sjQpqJbXo6RN0-DDSYRkgUvn_UMj5idbN1alKiUFEm-VE9B9tl-u957WlDBIoXLH6oKW-GYjTPlSp_R8DN2orYZ3muFjZEJ1H0Q6_EyveE_IIaoYyMDxiS6AieC_SFaG5wO2JsmvEbjwuAGO1mY.ibZMOY-UnO7ko7gZzrg70zO1lxS-piB6biuriU4bRjU&dib_tag=se&keywords=smartphones&qid=1743415576&sr=8-152
"realme NARZO 70 Turbo 5G (Turbo Purple,6GB RAM,128GB Storage) | Segment's Fastest Dimensity 7300 Energy 5G Chipset | Motorsports Inspired Design",16998.0,4.2,https://www.amazon.in/realme-Segments-Dimensity-Motorsports-Inspired/dp/B0DDTZF6G1/ref=sr_1_153?dib=eyJ2IjoiMSJ9.7e4sIUWxaHJUJe2gLY-Q_989rSIQJ1BdLIkli6YCyy7LLAwfQStFPvW17qauJltdm4XP5438WmXDoKr4907UmBH9sjQpqJbXo6RN0-DDSYRkgUvn_UMj5idbN1alKiUFEm-VE9B9tl-u957WlDBIoXLH6oKW-GYjTPlSp_R8DN2orYZ3muFjZEJ1H0Q6_EyveE_IIaoYyMDxiS6AieC_SFaG5wO2JsmvEbjwuAGO1mY.ibZMOY-UnO7ko7gZzrg70zO1lxS-piB6biuriU4bRjU&dib_tag=se&keywords=smartphones&qid=1743415576&sr=8-153
"Redmi 13 5G, Black Diamond, 6GB+128GB | India Debut SD 4 Gen 2 AE | 108MP Pro Grade Camera | 6.79in Largest Display in Segment",12498.0,4.0,https://www.amazon.in/Redmi-Diamond-Largest-Display-Segment/dp/B0D78WKY12/ref=sr_1_154?dib=eyJ2IjoiMSJ9.7e4sIUWxaHJUJe2gLY-Q_989rSIQJ1BdLIkli6YCyy7LLAwfQStFPvW17qauJltdm4XP5438WmXDoKr4907UmBH9sjQpqJbXo6RN0-DDSYRkgUvn_UMj5idbN1alKiUFEm-VE9B9tl-u957WlDBIoXLH6oKW-GYjTPlSp_R8DN2orYZ3muFjZEJ1H0Q6_EyveE_IIaoYyMDxiS6AieC_SFaG5wO2JsmvEbjwuAGO1mY.ibZMOY-UnO7ko7gZzrg70zO1lxS-piB6biuriU4bRjU&dib_tag=se&keywords=smartphones&qid=1743415576&sr=8-154
"OnePlus Nord CE4 Lite 5G (Mega Blue, 8GB RAM, 128GB Storage)",17998.0,4.1,https://www.amazon.in/OnePlus-Nord-Lite-128GB-Storage/dp/B0D5YFZ946/ref=sr_1_157?dib=eyJ2IjoiMSJ9.7e4sIUWxaHJUJe2gLY-Q_989rSIQJ1BdLIkli6YCyy7LLAwfQStFPvW17qauJltdm4XP5438WmXDoKr4907UmBH9sjQpqJbXo6RN0-DDSYRkgUvn_UMj5idbN1alKiUFEm-VE9B9tl-u957WlDBIoXLH6oKW-GYjTPlSp_R8DN2orYZ3muFjZEJ1H0Q6_EyveE_IIaoYyMDxiS6AieC_SFaG5wO2JsmvEbjwuAGO1mY.ibZMOY-UnO7ko7gZzrg70zO1lxS-piB6biuriU4bRjU&dib_tag=se&keywords=smartphones&qid=1743415576&sr=8-157
"Samsung Galaxy M35 5G (Moonlight Blue,8GB RAM,128GB Storage)| Corning Gorilla Glass Victus+| AnTuTu Score 595K+ | Vapour Cooling Chamber | 6000mAh Battery | 120Hz Super AMOLED Display| Without Charger",18499.0,4.1,https://www.amazon.in/Samsung-Moonlight-Storage-Corning-Gorilla/dp/B0D813HQFN/ref=sr_1_158?dib=eyJ2IjoiMSJ9.7e4sIUWxaHJUJe2gLY-Q_989rSIQJ1BdLIkli6YCyy7LLAwfQStFPvW17qauJltdm4XP5438WmXDoKr4907UmBH9sjQpqJbXo6RN0-DDSYRkgUvn_UMj5idbN1alKiUFEm-VE9B9tl-u957WlDBIoXLH6oKW-GYjTPlSp_R8DN2orYZ3muFjZEJ1H0Q6_EyveE_IIaoYyMDxiS6AieC_SFaG5wO2JsmvEbjwuAGO1mY.ibZMOY-UnO7ko7gZzrg70zO1lxS-piB6biuriU4bRjU&dib_tag=se&keywords=smartphones&qid=1743415576&sr=8-158
"OnePlus Nord CE 3 Lite 5G (Pastel Lime, 8GB RAM, 128GB Storage)",15896.0,4.2,https://www.amazon.in/OnePlus-Nord-Pastel-128GB-Storage/dp/B0BY8JZ22K/ref=sr_1_159?dib=eyJ2IjoiMSJ9.7e4sIUWxaHJUJe2gLY-Q_989rSIQJ1BdLIkli6YCyy7LLAwfQStFPvW17qauJltdm4XP5438WmXDoKr4907UmBH9sjQpqJbXo6RN0-DDSYRkgUvn_UMj5idbN1alKiUFEm-VE9B9tl-u957WlDBIoXLH6oKW-GYjTPlSp_R8DN2orYZ3muFjZEJ1H0Q6_EyveE_IIaoYyMDxiS6AieC_SFaG5wO2JsmvEbjwuAGO1mY.ibZMOY-UnO7ko7gZzrg70zO1lxS-piB6biuriU4bRjU&dib_tag=se&keywords=smartphones&qid=1743415576&sr=8-159
"Redmi 14C 5G (Starlight Blue, 6GB RAM, 128GB Storage) | Superfast 4nm Snapdragon 4 Gen 2 | 120Hz 17.47cm (6.88”) Display | 5160mAh Battery | 50MP Dual Camera | Premium Starlight Design",11999.0,3.8,https://www.amazon.in/Redmi-Starlight-Storage-Superfast-Snapdragon/dp/B0DQV9T66N/ref=sr_1_160?dib=eyJ2IjoiMSJ9.7e4sIUWxaHJUJe2gLY-Q_989rSIQJ1BdLIkli6YCyy7LLAwfQStFPvW17qauJltdm4XP5438WmXDoKr4907UmBH9sjQpqJbXo6RN0-DDSYRkgUvn_UMj5idbN1alKiUFEm-VE9B9tl-u957WlDBIoXLH6oKW-GYjTPlSp_R8DN2orYZ3muFjZEJ1H0Q6_EyveE_IIaoYyMDxiS6AieC_SFaG5wO2JsmvEbjwuAGO1mY.ibZMOY-UnO7ko7gZzrg70zO1lxS-piB6biuriU4bRjU&dib_tag=se&keywords=smartphones&qid=1743415576&sr=8-160
"Lava O3 (Glossy Lavender, 4 GB RAM, 64 GB Storage) | Biggest 6.75"" HD+ Display | 13MP AI Dual Rear Camera | 5000 mAh Battery | Secure Face Unlock | Fingerprint Reader | Charger & Phone-Cover in Box",7199.0,3.8,https://www.amazon.in/Lava-Glossy-Lavender-Fingerprint-Phone-Cover/dp/B0DFH4F7Y9/ref=sr_1_161?dib=eyJ2IjoiMSJ9.7e4sIUWxaHJUJe2gLY-Q_989rSIQJ1BdLIkli6YCyy7LLAwfQStFPvW17qauJltdm4XP5438WmXDoKr4907UmBH9sjQpqJbXo6RN0-DDSYRkgUvn_UMj5idbN1alKiUFEm-VE9B9tl-u957WlDBIoXLH6oKW-GYjTPlSp_R8DN2orYZ3muFjZEJ1H0Q6_EyveE_IIaoYyMDxiS6AieC_SFaG5wO2JsmvEbjwuAGO1mY.ibZMOY-UnO7ko7gZzrg70zO1lxS-piB6biuriU4bRjU&dib_tag=se&keywords=smartphones&qid=1743415576&sr=8-161
"OnePlus Nord 4 5G (Obsidian Midnight, 12GB RAM, 256GB Storage)",31998.0,4.2,https://www.amazon.in/OnePlus-Obsidian-Midnight-256GB-Storage/dp/B0D7VGCPDL/ref=sr_1_162?dib=eyJ2IjoiMSJ9.7e4sIUWxaHJUJe2gLY-Q_989rSIQJ1BdLIkli6YCyy7LLAwfQStFPvW17qauJltdm4XP5438WmXDoKr4907UmBH9sjQpqJbXo6RN0-DDSYRkgUvn_UMj5idbN1alKiUFEm-VE9B9tl-u957WlDBIoXLH6oKW-GYjTPlSp_R8DN2orYZ3muFjZEJ1H0Q6_EyveE_IIaoYyMDxiS6AieC_SFaG5wO2JsmvEbjwuAGO1mY.ibZMOY-UnO7ko7gZzrg70zO1lxS-piB6biuriU4bRjU&dib_tag=se&keywords=smartphones&qid=1743415576&sr=8-162
"realme P1 5G (Peacock Green, 6GB RAM, 128GB Storage)",13599.0,4.1,https://www.amazon.in/realme-Peacock-Green-128GB-Storage/dp/B0D1VC4BM1/ref=sr_1_163?dib=eyJ2IjoiMSJ9.7e4sIUWxaHJUJe2gLY-Q_989rSIQJ1BdLIkli6YCyy7LLAwfQStFPvW17qauJltdm4XP5438WmXDoKr4907UmBH9sjQpqJbXo6RN0-DDSYRkgUvn_UMj5idbN1alKiUFEm-VE9B9tl-u957WlDBIoXLH6oKW-GYjTPlSp_R8DN2orYZ3muFjZEJ1H0Q6_EyveE_IIaoYyMDxiS6AieC_SFaG5wO2JsmvEbjwuAGO1mY.ibZMOY-UnO7ko7gZzrg70zO1lxS-piB6biuriU4bRjU&dib_tag=se&keywords=smartphones&qid=1743415576&sr=8-163
"Redmi 13 5G, Orchid Pink, 8GB+128GB | India Debut SD 4 Gen 2 AE | 108MP Pro Grade Camera | 6.79in Largest Display in Segment",13998.0,4.0,https://www.amazon.in/Redmi-Orchid-Largest-Display-Segment/dp/B0D78X5CMJ/ref=sr_1_164?dib=eyJ2IjoiMSJ9.7e4sIUWxaHJUJe2gLY-Q_989rSIQJ1BdLIkli6YCyy7LLAwfQStFPvW17qauJltdm4XP5438WmXDoKr4907UmBH9sjQpqJbXo6RN0-DDSYRkgUvn_UMj5idbN1alKiUFEm-VE9B9tl-u957WlDBIoXLH6oKW-GYjTPlSp_R8DN2orYZ3muFjZEJ1H0Q6_EyveE_IIaoYyMDxiS6AieC_SFaG5wO2JsmvEbjwuAGO1mY.ibZMOY-UnO7ko7gZzrg70zO1lxS-piB6biuriU4bRjU&dib_tag=se&keywords=smartphones&qid=1743415576&sr=8-164
